Date,4YO,5YO,3-5YO Avg.,Source_File,3YO,2YO
2015-01-01,78000,70000,83000.0,02_2018.csv,,
2015-01-01,78000,69000,80000.0,05_2018.csv,,
2015-01-01,78000,70000,80000.0,07_2018.csv,,
2015-01-01,76000,68000,80000.0,04_2018.csv,,
2015-01-01,77000,69000,78000.0,08_2018.csv,,
2015-01-01,77000,69000,80000.0,03_2018.csv,,
2015-01-01,78000,70000,80000.0,06_2018.csv,,
2015-02-01,74000,66000,83000.0,03_2018.csv,,
2015-02-01,75000,67000,83000.0,02_2018.csv,,
2015-03-01,72000,64000,82000.0,03_2018.csv,,
2015-03-01,72000,64000,80000.0,02_2018.csv,,
2015-03-01,72000,62000,83000.0,08_2018.csv,,
2015-03-01,73000,65000,83000.0,07_2018.csv,,
2015-03-01,74000,65000,83000.0,05_2018.csv,,
2015-03-01,72000,63000,83000.0,04_2018.csv,,
2015-03-01,73000,62000,83000.0,06_2018.csv,,
2015-04-01,71000,62000,78000.0,02_2018.csv,,
2015-04-01,72000,63000,79000.0,03_2018.csv,,
2015-05-01,71000,62000,78000.0,03_2018.csv,,
2015-05-01,70000,63000,80000.0,08_2018.csv,,
2015-05-01,73000,63000,80000.0,07_2018.csv,,
2015-05-01,72000,61000,79000.0,05_2018.csv,,
2015-05-01,71000,60000,79000.0,04_2018.csv,,
2015-05-01,71000,61000,77000.0,02_2018.csv,,
2015-05-01,71000,60000,80000.0,06_2018.csv,,
2015-06-01,71000,61000,77000.0,03_2018.csv,,
2015-06-01,70000,60000,77000.0,02_2018.csv,,
2015-07-01,71000,60000,77000.0,03_2018.csv,,
2015-07-01,71000,60000,78000.0,07_2018.csv,,
2015-07-01,70000,59000,78000.0,04_2018.csv,,
2015-07-01,70000,59000,76000.0,02_2018.csv,,
2015-07-01,71000,61000,79000.0,08_2018.csv,,
2015-07-01,71000,58000,78000.0,05_2018.csv,,
2015-07-01,71000,58000,78000.0,06_2018.csv,,
2015-08-01,70000,58000,76000.0,02_2018.csv,,
2015-08-01,70000,59000,76000.0,03_2018.csv,,
2015-09-01,68000,57000,75000.0,06_2018.csv,,
2015-09-01,70000,58000,77000.0,07_2018.csv,,
2015-09-01,69000,57000,75000.0,02_2018.csv,,
2015-09-01,70000,58000,78000.0,08_2018.csv,,
2015-09-01,67000,57000,75000.0,04_2018.csv,,
2015-09-01,70000,57000,77000.0,05_2018.csv,,
2015-09-01,69000,58000,75000.0,03_2018.csv,,
2015-10-01,69000,56000,74000.0,03_2018.csv,,
2015-10-01,68000,55000,73000.0,02_2018.csv,,
2015-11-01,66000,53000,71000.0,02_2018.csv,,
2015-11-01,63000,53000,73000.0,05_2018.csv,,
2015-11-01,62000,54000,73000.0,06_2018.csv,,
2015-11-01,67000,58000,75000.0,07_2018.csv,,
2015-11-01,62000,53000,72000.0,04_2018.csv,,
2015-11-01,67000,57000,75000.0,08_2018.csv,,
2015-11-01,67000,55000,73000.0,03_2018.csv,,
2015-12-01,66000,53000,72000.0,03_2018.csv,,
2015-12-01,63000,51000,67000.0,02_2018.csv,,
2016-01-01,70000,58000,72000.0,12_2018.csv,,
2016-01-01,70000,58000,73000.0,12_2019.csv,,
2016-01-01,62000,53000,64000.0,08_2018.csv,,
2016-01-01,70000,57000,72000.0,01_2019.csv,,
2016-01-01,72000,58000,74000.0,09_2018.csv,,
2016-01-01,70000,57000,73000.0,11_2020.csv,,
2016-01-01,70000,58000,74000.0,03_2020.csv,,
2016-01-01,70000,58000,72000.0,03_2019.csv,,
2016-01-01,69000,58000,72000.0,11_2019.csv,,
2016-01-01,70000,58000,77000.0,03_2018.csv,,
2016-01-01,70000,58000,,09_2019.csv,91000.0,112000.0
2016-01-01,70000,57000,73000.0,09_2020.csv,,
2016-01-01,70000,58000,73000.0,11_2018.csv,,
2016-01-01,70000,58000,72500.0,10_2019.csv,,
2016-01-01,70000,57000,73000.0,10_2020.csv,,
2016-01-01,72000,58000,93000.0,02_2018.csv,,
2016-01-01,70000,57000,74000.0,02_2020.csv,,
2016-01-01,72000,57000,70000.0,12_2020.csv,,
2016-01-01,70000,58000,72000.0,08_2019.csv,,
2016-01-01,70000,58000,93000.0,04_2018.csv,,
2016-01-01,70000,57000,73000.0,08_2020.csv,,
2016-01-01,70000,58000,73000.0,02_2019.csv,,
2016-01-01,70000,58000,72000.0,07_2019.csv,,
2016-01-01,62000,53000,70000.0,07_2018.csv,,
2016-01-01,70000,57000,73000.0,06_2020.csv,,
2016-01-01,71000,57000,72000.0,01_2020.csv,,
2016-01-01,70000,57000,73000.0,07_2020.csv,,
2016-01-01,70000,60000,93000.0,06_2018.csv,,
2016-01-01,70000,58000,68000.0,06_2019.csv,,
2016-01-01,70000,58000,93000.0,05_2018.csv,,
2016-01-01,70000,57000,73000.0,05_2019.csv,,
2016-01-01,70000,58000,73000.0,05_2020.csv,,
2016-01-01,71000,57000,73000.0,04_2019.csv,,
2016-01-01,70000,57000,73000.0,04_2020.csv,,
2016-02-01,71000,57000,81000.0,02_2018.csv,,
2016-02-01,68000,55000,79000.0,03_2019.csv,,
2016-02-01,70000,53000,73000.0,09_2018.csv,,
2016-02-01,67000,52000,79000.0,02_2019.csv,,
2016-02-01,68000,54000,79000.0,01_2019.csv,,
2016-02-01,68000,57000,78000.0,11_2018.csv,,
2016-02-01,71000,57000,77000.0,03_2018.csv,,
2016-02-01,68000,56000,78000.0,12_2018.csv,,
2016-03-01,66000,51000,81000.0,03_2019.csv,,
2016-03-01,65000,55000,79000.0,12_2019.csv,,
2016-03-01,66000,50000,78000.0,11_2019.csv,,
2016-03-01,70000,45000,82000.0,03_2018.csv,,
2016-03-01,67000,48000,79000.0,04_2018.csv,,
2016-03-01,66000,48000,79000.0,06_2020.csv,,
2016-03-01,66000,50000,65000.0,06_2019.csv,,
2016-03-01,67000,51000,78000.0,01_2020.csv,,
2016-03-01,66000,48000,82000.0,12_2018.csv,,
2016-03-01,68000,64000,78000.0,06_2018.csv,,
2016-03-01,66000,56000,,09_2019.csv,78000.0,96000.0
2016-03-01,70000,57000,93000.0,07_2018.csv,,
2016-03-01,67000,47000,80000.0,09_2020.csv,,
2016-03-01,68000,55000,79000.0,05_2018.csv,,
2016-03-01,65000,52000,68000.0,10_2019.csv,,
2016-03-01,67000,48000,79000.0,10_2020.csv,,
2016-03-01,66000,50000,78000.0,05_2019.csv,,
2016-03-01,66000,48000,78000.0,05_2020.csv,,
2016-03-01,64000,50000,67000.0,04_2019.csv,,
2016-03-01,68000,47000,80000.0,02_2018.csv,,
2016-03-01,65000,50000,78000.0,02_2020.csv,,
2016-03-01,66000,48000,81000.0,01_2019.csv,,
2016-03-01,66000,47000,65000.0,12_2020.csv,,
2016-03-01,65000,48000,78000.0,02_2019.csv,,
2016-03-01,66000,50000,75000.0,11_2018.csv,,
2016-03-01,65000,54000,80000.0,03_2020.csv,,
2016-03-01,66000,48000,78000.0,04_2020.csv,,
2016-03-01,67000,50000,68000.0,09_2018.csv,,
2016-03-01,66000,46000,80000.0,11_2020.csv,,
2016-03-01,67000,47000,79000.0,08_2020.csv,,
2016-03-01,66000,55000,79000.0,08_2019.csv,,
2016-03-01,70000,58000,72000.0,08_2018.csv,,
2016-03-01,66000,52000,78000.0,07_2019.csv,,
2016-03-01,66000,47000,79000.0,07_2020.csv,,
2016-04-01,66000,45000,79000.0,02_2018.csv,,
2016-04-01,67000,48000,83000.0,03_2018.csv,,
2016-04-01,64000,43000,77000.0,01_2019.csv,,
2016-04-01,65000,45000,65000.0,09_2018.csv,,
2016-04-01,65000,44000,82000.0,03_2019.csv,,
2016-04-01,64000,44000,81000.0,11_2018.csv,,
2016-04-01,64000,44000,81000.0,12_2018.csv,,
2016-04-01,64000,43000,82000.0,02_2019.csv,,
2016-05-01,63000,43000,77000.0,12_2018.csv,,
2016-05-01,68000,50000,79000.0,07_2018.csv,,
2016-05-01,62000,45000,78000.0,09_2020.csv,,
2016-05-01,60000,43000,63000.0,10_2019.csv,,
2016-05-01,66000,44000,78000.0,05_2018.csv,,
2016-05-01,64000,52000,,09_2019.csv,80000.0,92000.0
2016-05-01,63000,48000,80000.0,08_2019.csv,,
2016-05-01,63000,44000,80000.0,11_2018.csv,,
2016-05-01,64000,47000,79000.0,08_2018.csv,,
2016-05-01,63000,44000,61000.0,04_2019.csv,,
2016-05-01,65000,45000,80000.0,05_2020.csv,,
2016-05-01,62000,51000,80000.0,01_2019.csv,,
2016-05-01,65000,46000,80000.0,02_2018.csv,,
2016-05-01,63000,45000,81000.0,10_2020.csv,,
2016-05-01,62000,43000,81000.0,02_2020.csv,,
2016-05-01,62000,48000,81000.0,07_2019.csv,,
2016-05-01,61000,45000,62000.0,12_2020.csv,,
2016-05-01,61000,51000,81000.0,02_2019.csv,,
2016-05-01,65000,43000,80000.0,04_2020.csv,,
2016-05-01,64000,44000,81000.0,05_2019.csv,,
2016-05-01,63000,45000,80000.0,08_2020.csv,,
2016-05-01,65000,45000,81000.0,04_2018.csv,,
2016-05-01,64000,43000,78000.0,11_2019.csv,,
2016-05-01,63000,48000,78000.0,03_2020.csv,,
2016-05-01,63000,51000,78000.0,11_2020.csv,,
2016-05-01,63000,51000,79000.0,07_2020.csv,,
2016-05-01,65000,48000,81000.0,06_2018.csv,,
2016-05-01,66000,46000,81000.0,03_2018.csv,,
2016-05-01,65000,44000,79000.0,01_2020.csv,,
2016-05-01,63000,46000,78000.0,03_2019.csv,,
2016-05-01,64000,45000,64000.0,09_2018.csv,,
2016-05-01,60000,48000,77000.0,12_2019.csv,,
2016-05-01,64000,45000,76000.0,06_2020.csv,,
2016-05-01,64000,43000,63000.0,06_2019.csv,,
2016-06-01,61000,43000,79000.0,01_2019.csv,,
2016-06-01,64000,48000,79000.0,03_2018.csv,,
2016-06-01,63000,52000,82000.0,02_2018.csv,,
2016-06-01,63000,48000,62000.0,09_2018.csv,,
2016-06-01,62000,51000,75000.0,03_2019.csv,,
2016-06-01,60000,48000,75000.0,12_2018.csv,,
2016-06-01,61000,48000,77000.0,11_2018.csv,,
2016-06-01,59000,47000,78000.0,02_2019.csv,,
2016-07-01,60000,47000,75000.0,02_2020.csv,,
2016-07-01,60000,43000,78000.0,07_2019.csv,,
2016-07-01,60000,42000,76000.0,10_2020.csv,,
2016-07-01,60000,42000,60000.0,12_2020.csv,,
2016-07-01,61000,50000,79000.0,02_2018.csv,,
2016-07-01,60000,50000,78000.0,04_2020.csv,,
2016-07-01,60000,43000,79000.0,04_2018.csv,,
2016-07-01,60000,47000,74000.0,11_2020.csv,,
2016-07-01,61000,47000,60000.0,09_2018.csv,,
2016-07-01,58000,43000,75000.0,02_2019.csv,,
2016-07-01,60000,42000,78000.0,03_2020.csv,,
2016-07-01,61000,48000,74000.0,03_2019.csv,,
2016-07-01,63000,43000,79000.0,06_2018.csv,,
2016-07-01,60000,42000,74000.0,05_2020.csv,,
2016-07-01,59000,44000,77000.0,01_2019.csv,,
2016-07-01,60000,48000,77000.0,08_2020.csv,,
2016-07-01,62000,47000,,09_2019.csv,78000.0,88000.0
2016-07-01,60000,45000,75000.0,07_2020.csv,,
2016-07-01,60000,43000,74000.0,12_2019.csv,,
2016-07-01,65000,44000,77000.0,07_2018.csv,,
2016-07-01,60000,49000,79000.0,09_2020.csv,,
2016-07-01,60000,47000,74000.0,11_2018.csv,,
2016-07-01,61000,47000,74000.0,11_2019.csv,,
2016-07-01,61000,43000,81000.0,08_2019.csv,,
2016-07-01,60000,51000,75000.0,01_2020.csv,,
2016-07-01,61000,51000,59000.0,04_2019.csv,,
2016-07-01,59000,46000,60000.0,10_2019.csv,,
2016-07-01,61000,43000,72000.0,05_2018.csv,,
2016-07-01,59000,46000,74000.0,12_2018.csv,,
2016-07-01,63000,43000,77000.0,08_2018.csv,,
2016-07-01,62000,48000,74000.0,05_2019.csv,,
2016-07-01,63000,49000,77000.0,03_2018.csv,,
2016-07-01,60000,41000,73000.0,06_2020.csv,,
2016-07-01,61000,46000,62000.0,06_2019.csv,,
2016-08-01,60000,47000,73000.0,03_2019.csv,,
2016-08-01,57000,42000,74000.0,02_2019.csv,,
2016-08-01,60000,47000,59000.0,09_2018.csv,,
2016-08-01,62000,48000,77000.0,03_2018.csv,,
2016-08-01,60000,49000,72000.0,11_2018.csv,,
2016-08-01,60000,48000,78000.0,02_2018.csv,,
2016-08-01,58000,47000,75000.0,01_2019.csv,,
2016-08-01,57000,48000,72000.0,12_2018.csv,,
2016-09-01,58000,47000,74000.0,05_2020.csv,,
2016-09-01,57000,45000,74000.0,01_2019.csv,,
2016-09-01,62000,44000,74000.0,07_2018.csv,,
2016-09-01,60000,41000,76000.0,04_2018.csv,,
2016-09-01,60000,45000,76000.0,06_2018.csv,,
2016-09-01,60000,40000,74000.0,07_2020.csv,,
2016-09-01,59000,45000,74000.0,08_2020.csv,,
2016-09-01,59000,47000,76000.0,10_2020.csv,,
2016-09-01,58000,46000,71000.0,11_2018.csv,,
2016-09-01,58000,43000,75000.0,07_2019.csv,,
2016-09-01,59000,40000,70000.0,05_2018.csv,,
2016-09-01,59000,48000,68000.0,06_2020.csv,,
2016-09-01,56000,45000,74000.0,12_2019.csv,,
2016-09-01,56000,47000,58000.0,10_2019.csv,,
2016-09-01,60000,47000,75000.0,02_2018.csv,,
2016-09-01,59000,47000,58000.0,04_2019.csv,,
2016-09-01,60000,44000,73000.0,11_2019.csv,,
2016-09-01,59000,44000,72000.0,02_2020.csv,,
2016-09-01,56000,44000,71000.0,12_2018.csv,,
2016-09-01,59000,44000,76000.0,09_2020.csv,,
2016-09-01,59000,48000,73000.0,03_2019.csv,,
2016-09-01,60000,45000,74000.0,05_2019.csv,,
2016-09-01,58000,45000,74000.0,04_2020.csv,,
2016-09-01,60000,42000,73000.0,08_2018.csv,,
2016-09-01,56000,42000,74000.0,02_2019.csv,,
2016-09-01,59000,44000,74000.0,11_2020.csv,,
2016-09-01,60000,44000,,09_2019.csv,72000.0,84000.0
2016-09-01,58000,46000,58000.0,09_2018.csv,,
2016-09-01,60000,45000,74000.0,01_2020.csv,,
2016-09-01,58000,41000,59000.0,12_2020.csv,,
2016-09-01,61000,46000,76000.0,03_2018.csv,,
2016-09-01,59000,46000,74000.0,08_2019.csv,,
2016-09-01,58000,45000,70000.0,03_2020.csv,,
2016-09-01,58000,44000,60000.0,06_2019.csv,,
2016-10-01,57000,43000,57000.0,09_2018.csv,,
2016-10-01,56000,41000,57000.0,01_2019.csv,,
2016-10-01,56000,42000,69000.0,11_2018.csv,,
2016-10-01,58000,45000,71000.0,03_2019.csv,,
2016-10-01,61000,45000,72000.0,02_2018.csv,,
2016-10-01,56000,41000,71000.0,02_2019.csv,,
2016-10-01,55000,41000,71000.0,12_2018.csv,,
2016-10-01,60000,43000,75000.0,03_2018.csv,,
2016-11-01,58000,40000,72000.0,07_2020.csv,,
2016-11-01,54000,40000,67000.0,11_2020.csv,,
2016-11-01,55000,40000,68000.0,12_2019.csv,,
2016-11-01,57000,41000,68000.0,09_2020.csv,,
2016-11-01,55000,40000,58000.0,05_2019.csv,,
2016-11-01,55000,41000,67000.0,11_2018.csv,,
2016-11-01,59000,47000,72000.0,07_2018.csv,,
2016-11-01,56000,40000,73000.0,07_2019.csv,,
2016-11-01,57000,42000,56000.0,06_2019.csv,,
2016-11-01,55000,41000,66000.0,01_2020.csv,,
2016-11-01,58000,41000,,09_2019.csv,66000.0,82000.0
2016-11-01,56000,41000,56000.0,09_2018.csv,,
2016-11-01,55000,40000,70000.0,03_2020.csv,,
2016-11-01,54000,49000,55000.0,10_2019.csv,,
2016-11-01,58000,40000,74000.0,06_2018.csv,,
2016-11-01,58000,41000,67000.0,10_2020.csv,,
2016-11-01,55000,41000,66000.0,05_2018.csv,,
2016-11-01,54000,40000,67000.0,12_2018.csv,,
2016-11-01,59000,40000,71000.0,08_2018.csv,,
2016-11-01,55000,41000,54000.0,04_2019.csv,,
2016-11-01,55000,41000,68000.0,04_2018.csv,,
2016-11-01,55000,40000,56000.0,01_2019.csv,,
2016-11-01,56000,41000,57000.0,12_2020.csv,,
2016-11-01,54000,40000,70000.0,02_2019.csv,,
2016-11-01,56000,41000,67000.0,08_2019.csv,,
2016-11-01,56000,40000,67000.0,04_2020.csv,,
2016-11-01,57000,43000,70000.0,03_2019.csv,,
2016-11-01,55000,40000,67000.0,05_2020.csv,,
2016-11-01,58000,41000,70000.0,11_2019.csv,,
2016-11-01,55000,41000,69000.0,02_2020.csv,,
2016-11-01,58000,41000,73000.0,08_2020.csv,,
2016-11-01,62000,43000,69000.0,02_2018.csv,,
2016-11-01,54000,45000,67000.0,06_2020.csv,,
2016-11-01,59000,41000,74000.0,03_2018.csv,,
2016-12-01,54000,40000,66000.0,11_2018.csv,,
2016-12-01,56000,41000,68000.0,03_2019.csv,,
2016-12-01,62000,41000,66000.0,02_2018.csv,,
2016-12-01,53000,41000,66000.0,02_2019.csv,,
2016-12-01,54000,40000,54000.0,09_2018.csv,,
2016-12-01,67000,41000,67000.0,12_2018.csv,,
2016-12-01,54000,41000,54000.0,01_2019.csv,,
2016-12-01,58000,40000,73000.0,03_2018.csv,,
2017-01-01,67000,54000,67000.0,03_2018.csv,,
2017-01-01,61000,45000,67000.0,04_2018.csv,,
2017-01-01,68000,40000,73000.0,09_2020.csv,,
2017-01-01,68000,45000,78000.0,05_2020.csv,,
2017-01-01,67000,45000,79000.0,03_2020.csv,,
2017-01-01,63000,41000,71000.0,06_2020.csv,,
2017-01-01,67000,45000,67000.0,04_2019.csv,,
2017-01-01,68000,52000,78000.0,01_2020.csv,,
2017-01-01,67000,52000,79000.0,06_2018.csv,,
2017-01-01,68000,40000,67000.0,08_2019.csv,,
2017-01-01,68000,42000,67000.0,06_2019.csv,,
2017-01-01,68000,52000,79000.0,12_2018.csv,,
2017-01-01,67000,53000,78000.0,12_2019.csv,,
2017-01-01,57000,41000,67000.0,07_2018.csv,,
2017-01-01,70000,52000,78000.0,02_2019.csv,,
2017-01-01,68000,50000,67000.0,10_2019.csv,,
2017-01-01,70000,45000,81000.0,10_2020.csv,,
2017-01-01,59000,52000,66000.0,08_2018.csv,,
2017-01-01,54000,40000,67000.0,04_2020.csv,,
2017-01-01,68000,56000,79000.0,02_2018.csv,,
2017-01-01,67000,45000,67000.0,05_2019.csv,,
2017-01-01,67000,52000,68000.0,01_2019.csv,,
2017-01-01,70000,41000,80000.0,08_2020.csv,,
2017-01-01,67000,53000,78000.0,11_2019.csv,,
2017-01-01,55000,41000,72000.0,07_2020.csv,,
2017-01-01,62000,45000,62000.0,12_2020.csv,,
2017-01-01,67000,45000,68000.0,11_2018.csv,,
2017-01-01,67000,45000,78000.0,02_2020.csv,,
2017-01-01,68000,58000,64000.0,05_2018.csv,,
2017-01-01,63000,44000,,09_2019.csv,76000.0,99000.0
2017-01-01,68000,52000,78000.0,03_2019.csv,,
2017-01-01,68000,41000,78000.0,07_2019.csv,,
2017-01-01,67000,52000,68000.0,11_2020.csv,,
2017-01-01,68000,52000,78000.0,09_2018.csv,,
2017-02-01,65000,48000,78000.0,01_2019.csv,,
2017-02-01,66000,48000,79000.0,03_2019.csv,,
2017-02-01,66000,46000,79000.0,03_2018.csv,,
2017-02-01,67000,54000,78000.0,02_2018.csv,,
2017-02-01,65000,45000,79000.0,11_2018.csv,,
2017-02-01,62000,47000,65000.0,02_2019.csv,,
2017-02-01,66000,49000,78000.0,12_2018.csv,,
2017-02-01,65000,45000,79000.0,09_2018.csv,,
2017-03-01,62000,46000,80000.0,11_2019.csv,,
2017-03-01,62000,46000,62000.0,06_2019.csv,,
2017-03-01,62000,46000,79000.0,06_2020.csv,,
2017-03-01,67000,48000,,09_2019.csv,81000.0,98000.0
2017-03-01,61000,45000,81000.0,12_2019.csv,,
2017-03-01,64000,45000,81000.0,03_2019.csv,,
2017-03-01,63000,47000,77000.0,11_2018.csv,,
2017-03-01,64000,45000,80000.0,01_2020.csv,,
2017-03-01,61000,45000,76000.0,09_2018.csv,,
2017-03-01,61000,44000,79000.0,07_2018.csv,,
2017-03-01,61000,46000,78000.0,08_2018.csv,,
2017-03-01,61000,45000,79000.0,04_2018.csv,,
2017-03-01,61000,45000,61000.0,02_2019.csv,,
2017-03-01,62000,45000,80000.0,08_2019.csv,,
2017-03-01,63000,44000,62000.0,04_2019.csv,,
2017-03-01,64000,45000,79000.0,05_2020.csv,,
2017-03-01,66000,47000,82000.0,02_2018.csv,,
2017-03-01,63000,44000,79000.0,02_2020.csv,,
2017-03-01,64000,45000,77000.0,08_2020.csv,,
2017-03-01,60000,45000,60000.0,12_2020.csv,,
2017-03-01,65000,45000,79000.0,04_2020.csv,,
2017-03-01,62000,48000,81000.0,09_2020.csv,,
2017-03-01,62000,45000,80000.0,07_2020.csv,,
2017-03-01,62000,44000,80000.0,11_2020.csv,,
2017-03-01,63000,45000,79000.0,05_2019.csv,,
2017-03-01,61000,45000,79000.0,01_2019.csv,,
2017-03-01,63000,47000,76000.0,10_2020.csv,,
2017-03-01,63000,48000,78000.0,06_2018.csv,,
2017-03-01,62000,48000,78000.0,03_2020.csv,,
2017-03-01,62000,45000,79000.0,07_2019.csv,,
2017-03-01,63000,47000,78000.0,12_2018.csv,,
2017-03-01,65000,45000,79000.0,03_2018.csv,,
2017-03-01,64000,47000,62000.0,05_2018.csv,,
2017-03-01,62000,46000,63000.0,10_2019.csv,,
2017-04-01,61000,47000,60000.0,02_2019.csv,,
2017-04-01,62000,45000,74000.0,12_2018.csv,,
2017-04-01,62000,44000,78000.0,03_2019.csv,,
2017-04-01,62000,45000,78000.0,02_2018.csv,,
2017-04-01,64000,46000,78000.0,03_2018.csv,,
2017-04-01,60000,46000,74000.0,09_2018.csv,,
2017-04-01,61000,44000,78000.0,01_2019.csv,,
2017-04-01,62000,45000,79000.0,11_2018.csv,,
2017-05-01,60000,43000,77000.0,07_2018.csv,,
2017-05-01,60000,44000,79000.0,08_2018.csv,,
2017-05-01,61000,45000,77000.0,07_2019.csv,,
2017-05-01,60000,45000,82000.0,04_2018.csv,,
2017-05-01,61000,48000,78000.0,11_2020.csv,,
2017-05-01,62000,45000,78000.0,04_2020.csv,,
2017-05-01,60000,48000,72000.0,09_2018.csv,,
2017-05-01,62000,50000,79000.0,08_2020.csv,,
2017-05-01,61000,44000,78000.0,08_2019.csv,,
2017-05-01,61000,45000,63000.0,12_2018.csv,,
2017-05-01,61000,43000,73000.0,03_2020.csv,,
2017-05-01,61000,46000,60000.0,04_2019.csv,,
2017-05-01,61000,44000,76000.0,03_2019.csv,,
2017-05-01,60000,44000,78000.0,11_2019.csv,,
2017-05-01,63000,45000,77000.0,03_2018.csv,,
2017-05-01,61000,45000,78000.0,12_2019.csv,,
2017-05-01,62000,47000,78000.0,07_2020.csv,,
2017-05-01,63000,44000,,09_2019.csv,76000.0,97000.0
2017-05-01,61000,44000,74000.0,01_2020.csv,,
2017-05-01,61000,46000,82000.0,06_2018.csv,,
2017-05-01,61000,46000,73000.0,02_2020.csv,,
2017-05-01,61000,44000,75000.0,02_2018.csv,,
2017-05-01,62000,51000,77000.0,05_2020.csv,,
2017-05-01,62000,50000,82000.0,01_2019.csv,,
2017-05-01,61000,44000,80000.0,06_2020.csv,,
2017-05-01,60000,47000,60000.0,12_2020.csv,,
2017-05-01,61000,43000,80000.0,05_2019.csv,,
2017-05-01,61000,43000,78000.0,10_2020.csv,,
2017-05-01,60000,43000,60000.0,06_2019.csv,,
2017-05-01,60000,47000,60000.0,02_2019.csv,,
2017-05-01,60000,44000,78000.0,09_2020.csv,,
2017-05-01,62000,44000,62000.0,05_2018.csv,,
2017-05-01,60000,44000,62000.0,10_2019.csv,,
2017-05-01,61000,45000,77000.0,11_2018.csv,,
2017-06-01,61000,44000,74000.0,03_2019.csv,,
2017-06-01,59000,45000,72000.0,09_2018.csv,,
2017-06-01,61000,46000,75000.0,01_2019.csv,,
2017-06-01,61000,45000,76000.0,03_2018.csv,,
2017-06-01,60000,46000,73000.0,02_2018.csv,,
2017-06-01,60000,49000,62000.0,12_2018.csv,,
2017-06-01,60000,45000,61000.0,02_2019.csv,,
2017-06-01,60000,44000,73000.0,11_2018.csv,,
2017-07-01,59000,42000,55000.0,04_2019.csv,,
2017-07-01,59000,45000,71000.0,03_2020.csv,,
2017-07-01,58000,47000,76000.0,08_2018.csv,,
2017-07-01,55000,43000,74000.0,12_2019.csv,,
2017-07-01,58000,47000,59000.0,10_2019.csv,,
2017-07-01,57000,44000,71000.0,09_2018.csv,,
2017-07-01,59000,44000,72000.0,02_2018.csv,,
2017-07-01,58000,45000,79000.0,04_2018.csv,,
2017-07-01,60000,45000,78000.0,07_2020.csv,,
2017-07-01,60000,42000,73000.0,07_2019.csv,,
2017-07-01,58000,45000,58000.0,02_2019.csv,,
2017-07-01,59000,42000,73000.0,01_2019.csv,,
2017-07-01,60000,45000,79000.0,08_2019.csv,,
2017-07-01,58000,43000,72000.0,05_2019.csv,,
2017-07-01,56000,45000,72000.0,11_2020.csv,,
2017-07-01,59000,42000,75000.0,04_2020.csv,,
2017-07-01,59000,47000,61000.0,12_2018.csv,,
2017-07-01,60000,43000,70000.0,05_2020.csv,,
2017-07-01,57000,44000,58000.0,12_2020.csv,,
2017-07-01,59000,43000,71000.0,02_2020.csv,,
2017-07-01,61000,47000,81000.0,08_2020.csv,,
2017-07-01,60000,44000,72000.0,10_2020.csv,,
2017-07-01,60000,43000,81000.0,06_2018.csv,,
2017-07-01,60000,43000,79000.0,05_2018.csv,,
2017-07-01,59000,47000,75000.0,11_2019.csv,,
2017-07-01,60000,44000,75000.0,03_2018.csv,,
2017-07-01,60000,46000,72000.0,03_2019.csv,,
2017-07-01,65000,43000,,09_2019.csv,80000.0,101000.0
2017-07-01,58000,46000,71000.0,01_2020.csv,,
2017-07-01,58000,45000,72000.0,11_2018.csv,,
2017-07-01,59000,43000,58000.0,06_2019.csv,,
2017-07-01,61000,44000,78000.0,09_2020.csv,,
2017-07-01,58000,45000,78000.0,07_2018.csv,,
2017-07-01,55000,43000,71000.0,06_2020.csv,,
2017-08-01,59000,45000,71000.0,03_2019.csv,,
2017-08-01,58000,43000,71000.0,01_2019.csv,,
2017-08-01,57000,45000,70000.0,11_2018.csv,,
2017-08-01,56000,43000,74000.0,09_2018.csv,,
2017-08-01,57000,48000,59000.0,12_2018.csv,,
2017-08-01,58000,44000,71000.0,02_2018.csv,,
2017-08-01,55000,41000,57000.0,02_2019.csv,,
2017-08-01,59000,43000,73000.0,03_2018.csv,,
2017-09-01,55000,43000,67000.0,05_2020.csv,,
2017-09-01,55000,43000,71000.0,08_2018.csv,,
2017-09-01,56000,43000,70000.0,02_2018.csv,,
2017-09-01,55000,41000,70000.0,11_2020.csv,,
2017-09-01,59000,41000,,09_2019.csv,72000.0,104000.0
2017-09-01,56000,43000,58000.0,12_2018.csv,,
2017-09-01,55000,43000,55000.0,12_2020.csv,,
2017-09-01,57000,42000,71000.0,03_2018.csv,,
2017-09-01,55000,40000,52000.0,04_2019.csv,,
2017-09-01,55000,41000,71000.0,04_2018.csv,,
2017-09-01,59000,44000,73000.0,08_2020.csv,,
2017-09-01,53000,40000,56000.0,02_2019.csv,,
2017-09-01,53000,41000,69000.0,06_2020.csv,,
2017-09-01,55000,42000,67000.0,02_2020.csv,,
2017-09-01,57000,42000,71000.0,11_2019.csv,,
2017-09-01,55000,40000,71000.0,05_2019.csv,,
2017-09-01,59000,42000,58000.0,08_2019.csv,,
2017-09-01,54000,42000,70000.0,01_2020.csv,,
2017-09-01,58000,43000,75000.0,07_2020.csv,,
2017-09-01,57000,43000,70000.0,03_2019.csv,,
2017-09-01,55000,43000,69000.0,11_2018.csv,,
2017-09-01,55000,44000,57000.0,10_2019.csv,,
2017-09-01,56000,42000,72000.0,04_2020.csv,,
2017-09-01,57000,46000,71000.0,09_2020.csv,,
2017-09-01,57000,42000,71000.0,01_2019.csv,,
2017-09-01,55000,43000,75000.0,06_2018.csv,,
2017-09-01,55000,42000,70000.0,10_2020.csv,,
2017-09-01,57000,40000,72000.0,05_2018.csv,,
2017-09-01,55000,43000,73000.0,07_2018.csv,,
2017-09-01,56000,42000,56000.0,06_2019.csv,,
2017-09-01,55000,42000,74000.0,09_2018.csv,,
2017-09-01,54000,42000,67000.0,03_2020.csv,,
2017-09-01,56000,41000,71000.0,07_2019.csv,,
2017-09-01,53000,43000,71000.0,12_2019.csv,,
2017-10-01,56000,41000,70000.0,03_2018.csv,,
2017-10-01,52000,40000,55000.0,02_2019.csv,,
2017-10-01,55000,41000,69000.0,03_2019.csv,,
2017-10-01,55000,40000,70000.0,11_2018.csv,,
2017-10-01,54000,41000,56000.0,12_2018.csv,,
2017-10-01,54000,41000,68000.0,02_2018.csv,,
2017-10-01,56000,40000,55000.0,01_2019.csv,,
2017-10-01,54000,40000,70000.0,09_2018.csv,,
2017-11-01,53000,40000,68000.0,03_2019.csv,,
2017-11-01,53000,41000,65000.0,03_2020.csv,,
2017-11-01,54000,40000,68000.0,01_2020.csv,,
2017-11-01,54000,41000,70000.0,04_2018.csv,,
2017-11-01,55000,40000,69000.0,03_2018.csv,,
2017-11-01,52000,40000,72000.0,06_2018.csv,,
2017-11-01,54000,39000,53000.0,01_2019.csv,,
2017-11-01,53000,39000,68000.0,09_2018.csv,,
2017-11-01,53000,41000,70000.0,08_2018.csv,,
2017-11-01,52000,39000,69000.0,02_2018.csv,,
2017-11-01,50000,40000,67000.0,06_2020.csv,,
2017-11-01,50000,40000,69000.0,12_2019.csv,,
2017-11-01,55000,40000,71000.0,07_2020.csv,,
2017-11-01,53000,41000,52000.0,08_2019.csv,,
2017-11-01,53000,40000,50000.0,05_2019.csv,,
2017-11-01,55000,39000,,09_2019.csv,68000.0,96000.0
2017-11-01,54000,40000,67000.0,10_2020.csv,,
2017-11-01,52000,41000,69000.0,04_2020.csv,,
2017-11-01,54000,40000,52000.0,06_2019.csv,,
2017-11-01,53000,40000,69000.0,07_2019.csv,,
2017-11-01,54000,40000,65000.0,02_2020.csv,,
2017-11-01,54000,39000,50000.0,04_2019.csv,,
2017-11-01,54000,40000,66000.0,09_2020.csv,,
2017-11-01,53000,40000,55000.0,12_2018.csv,,
2017-11-01,50000,41000,70000.0,05_2018.csv,,
2017-11-01,52000,40000,54000.0,10_2019.csv,,
2017-11-01,53000,40000,69000.0,11_2019.csv,,
2017-11-01,54000,40000,65000.0,11_2020.csv,,
2017-11-01,54000,40000,69000.0,11_2018.csv,,
2017-11-01,52000,41000,66000.0,05_2020.csv,,
2017-11-01,54000,41000,71000.0,07_2018.csv,,
2017-11-01,52000,40000,54000.0,02_2019.csv,,
2017-11-01,54000,40000,70000.0,08_2020.csv,,
2017-11-01,54000,41000,55000.0,12_2020.csv,,
2017-12-01,54000,42000,71000.0,02_2018.csv,,
2017-12-01,54000,39000,68000.0,03_2018.csv,,
2017-12-01,51000,41000,52000.0,02_2019.csv,,
2017-12-01,50000,40000,65000.0,09_2018.csv,,
2017-12-01,53000,40000,50000.0,01_2019.csv,,
2017-12-01,70000,54000,72000.0,12_2018.csv,,
2017-12-01,51000,40000,67000.0,03_2019.csv,,
2017-12-01,54000,41000,67000.0,11_2018.csv,,
2018-01-01,67000,55000,71000.0,05_2020.csv,,
2018-01-01,67000,52000,67000.0,05_2019.csv,,
2018-01-01,70000,58000,92000.0,05_2018.csv,,
2018-01-01,68000,57000,71000.0,01_2019.csv,,
2018-01-01,70000,57000,65000.0,06_2018.csv,,
2018-01-01,67000,47000,65000.0,06_2019.csv,,
2018-01-01,67000,56000,71000.0,04_2019.csv,,
2018-01-01,63000,57000,92000.0,04_2018.csv,,
2018-01-01,70000,47000,90000.0,01_2020.csv,,
2018-01-01,68000,55000,67000.0,12_2018.csv,,
2018-01-01,52000,40000,66000.0,07_2018.csv,,
2018-01-01,70000,55000,68000.0,01_2021.csv,,
2018-01-01,67000,56000,71000.0,04_2021.csv,,
2018-01-01,67000,47000,72000.0,07_2019.csv,,
2018-01-01,54000,54000,70000.0,04_2020.csv,,
2018-01-01,67000,56000,67000.0,06_2021.csv,,
2018-01-01,68000,43000,74000.0,06_2020.csv,,
2018-01-01,68000,55000,64000.0,05_2021.csv,,
2018-01-01,67000,47000,70000.0,03_2021.csv,,
2018-01-01,66000,55000,68000.0,12_2021.csv,,
2018-01-01,67000,52000,70000.0,03_2019.csv,,
2018-01-01,65000,55000,68000.0,09_2021.csv,,
2018-01-01,71000,54000,67000.0,08_2019.csv,,
2018-01-01,68000,53000,71000.0,12_2019.csv,,
2018-01-01,55000,42000,70000.0,02_2018.csv,,
2018-01-01,67000,55000,66000.0,10_2019.csv,,
2018-01-01,66000,56000,67000.0,11_2021.csv,,
2018-01-01,67000,43000,74000.0,09_2020.csv,,
2018-01-01,67000,52000,90000.0,10_2020.csv,,
2018-01-01,72000,56000,91000.0,09_2018.csv,,
2018-01-01,68000,54000,72000.0,08_2018.csv,,
2018-01-01,69000,40000,92000.0,08_2020.csv,,
2018-01-01,65000,55000,70000.0,10_2021.csv,,
2018-01-01,70000,55000,82000.0,11_2019.csv,,
2018-01-01,68000,48000,70000.0,02_2019.csv,,
2018-01-01,67000,44000,84000.0,07_2020.csv,,
2018-01-01,67000,55000,65000.0,08_2021.csv,,
2018-01-01,65000,56000,67000.0,07_2021.csv,,
2018-01-01,66000,56000,,09_2019.csv,90000.0,118000.0
2018-01-01,68000,52000,71000.0,03_2020.csv,,
2018-01-01,69000,47000,91000.0,02_2020.csv,,
2018-01-01,67000,55000,71000.0,01_2022.csv,,
2018-01-01,67000,55000,68000.0,02_2021.csv,,
2018-01-01,67000,46000,71000.0,11_2018.csv,,
2018-01-01,67000,51000,80000.0,03_2018.csv,,
2018-01-01,63000,52000,65000.0,12_2020.csv,,
2018-01-01,66000,52000,92000.0,11_2020.csv,,
2018-02-01,67000,46000,83000.0,11_2018.csv,,
2018-02-01,65000,49000,68000.0,03_2018.csv,,
2018-02-01,64000,47000,85000.0,03_2021.csv,,
2018-02-01,64000,52000,64000.0,01_2021.csv,,
2018-02-01,64000,56000,85000.0,12_2018.csv,,
2018-02-01,63000,54000,91000.0,01_2019.csv,,
2018-02-01,64000,47000,85000.0,03_2019.csv,,
2018-02-01,67000,47000,84000.0,09_2018.csv,,
2018-02-01,63000,53000,64000.0,02_2021.csv,,
2018-02-01,64000,47000,90000.0,02_2019.csv,,
2018-03-01,65000,47000,65000.0,06_2021.csv,,
2018-03-01,64000,47000,84000.0,01_2020.csv,,
2018-03-01,63000,47000,77000.0,09_2018.csv,,
2018-03-01,70000,47000,90000.0,07_2018.csv,,
2018-03-01,67000,46000,90000.0,11_2019.csv,,
2018-03-01,64000,47000,92000.0,03_2020.csv,,
2018-03-01,64000,47000,85000.0,04_2021.csv,,
2018-03-01,64000,54000,80000.0,12_2018.csv,,
2018-03-01,63000,46000,86000.0,03_2019.csv,,
2018-03-01,64000,46000,91000.0,07_2020.csv,,
2018-03-01,66000,47000,87000.0,11_2018.csv,,
2018-03-01,64000,50000,91000.0,05_2020.csv,,
2018-03-01,64000,47000,82000.0,02_2019.csv,,
2018-03-01,68000,48000,80000.0,02_2020.csv,,
2018-03-01,65000,51000,64000.0,02_2021.csv,,
2018-03-01,64000,47000,91000.0,05_2019.csv,,
2018-03-01,65000,47000,80000.0,10_2021.csv,,
2018-03-01,64000,46000,76000.0,10_2020.csv,,
2018-03-01,62000,46000,78000.0,05_2018.csv,,
2018-03-01,64000,51000,65000.0,10_2019.csv,,
2018-03-01,66000,46000,90000.0,12_2019.csv,,
2018-03-01,65000,50000,65000.0,12_2020.csv,,
2018-03-01,65000,51000,84000.0,01_2019.csv,,
2018-03-01,64000,48000,78000.0,12_2021.csv,,
2018-03-01,63000,47000,78000.0,09_2021.csv,,
2018-03-01,65000,45000,82000.0,09_2020.csv,,
2018-03-01,65000,54000,,09_2019.csv,82000.0,101000.0
2018-03-01,68000,48000,67000.0,06_2019.csv,,
2018-03-01,64000,48000,63000.0,05_2021.csv,,
2018-03-01,62000,46000,89000.0,06_2018.csv,,
2018-03-01,67000,45000,84000.0,06_2020.csv,,
2018-03-01,65000,48000,66000.0,07_2021.csv,,
2018-03-01,71000,50000,92000.0,04_2020.csv,,
2018-03-01,63000,46000,65000.0,04_2019.csv,,
2018-03-01,64000,47000,64000.0,08_2021.csv,,
2018-03-01,64000,47000,64000.0,11_2021.csv,,
2018-03-01,66000,48000,78000.0,11_2020.csv,,
2018-03-01,65000,47000,91000.0,08_2018.csv,,
2018-03-01,66000,52000,91000.0,07_2019.csv,,
2018-03-01,64000,47000,91000.0,08_2019.csv,,
2018-03-01,66000,50000,64000.0,01_2021.csv,,
2018-03-01,65000,48000,82000.0,01_2022.csv,,
2018-03-01,66000,49000,78000.0,03_2021.csv,,
2018-03-01,61000,47000,75000.0,04_2018.csv,,
2018-03-01,66000,46000,78000.0,08_2020.csv,,
2018-04-01,64000,50000,63000.0,01_2021.csv,,
2018-04-01,66000,50000,64000.0,02_2021.csv,,
2018-04-01,64000,53000,82000.0,12_2018.csv,,
2018-04-01,63000,49000,77000.0,02_2019.csv,,
2018-04-01,63000,46000,84000.0,03_2019.csv,,
2018-04-01,65000,47000,80000.0,11_2018.csv,,
2018-04-01,64000,48000,83000.0,09_2018.csv,,
2018-04-01,65000,48000,80000.0,01_2019.csv,,
2018-04-01,66000,49000,82000.0,03_2021.csv,,
2018-05-01,66000,50000,85000.0,09_2021.csv,,
2018-05-01,64000,47000,76000.0,05_2019.csv,,
2018-05-01,66000,47000,65000.0,12_2020.csv,,
2018-05-01,64000,50000,81000.0,09_2018.csv,,
2018-05-01,66000,50000,65000.0,06_2019.csv,,
2018-05-01,64000,50000,80000.0,10_2021.csv,,
2018-05-01,64000,49000,78000.0,01_2019.csv,,
2018-05-01,66000,49000,64000.0,11_2021.csv,,
2018-05-01,63000,50000,,09_2019.csv,78000.0,106000.0
2018-05-01,62000,45000,77000.0,10_2020.csv,,
2018-05-01,65000,51000,78000.0,12_2018.csv,,
2018-05-01,64000,43000,79000.0,11_2020.csv,,
2018-05-01,64000,47000,64000.0,04_2019.csv,,
2018-05-01,64000,50000,83000.0,12_2021.csv,,
2018-05-01,64000,45000,81000.0,09_2020.csv,,
2018-05-01,65000,48000,82000.0,08_2018.csv,,
2018-05-01,66000,45000,77000.0,08_2020.csv,,
2018-05-01,63000,56000,64000.0,10_2019.csv,,
2018-05-01,66000,47000,83000.0,12_2019.csv,,
2018-05-01,63000,50000,63000.0,01_2021.csv,,
2018-05-01,63000,47000,78000.0,06_2018.csv,,
2018-05-01,64000,47000,80000.0,03_2020.csv,,
2018-05-01,64000,48000,81000.0,11_2018.csv,,
2018-05-01,65000,50000,86000.0,07_2019.csv,,
2018-05-01,64000,48000,82000.0,08_2019.csv,,
2018-05-01,65000,44000,81000.0,05_2020.csv,,
2018-05-01,63000,48000,84000.0,01_2020.csv,,
2018-05-01,63000,50000,64000.0,07_2021.csv,,
2018-05-01,66000,50000,65000.0,08_2021.csv,,
2018-05-01,67000,42000,81000.0,04_2020.csv,,
2018-05-01,66000,47000,83000.0,02_2020.csv,,
2018-05-01,64000,47000,64000.0,06_2021.csv,,
2018-05-01,63000,51000,82000.0,07_2020.csv,,
2018-05-01,64000,48000,80000.0,02_2019.csv,,
2018-05-01,63000,47000,82000.0,03_2019.csv,,
2018-05-01,64000,50000,83000.0,01_2022.csv,,
2018-05-01,65000,50000,91000.0,06_2020.csv,,
2018-05-01,65000,46000,83000.0,11_2019.csv,,
2018-05-01,66000,50000,79000.0,03_2021.csv,,
2018-05-01,63000,48000,64000.0,05_2021.csv,,
2018-05-01,65000,49000,64000.0,02_2021.csv,,
2018-05-01,64000,49000,78000.0,04_2021.csv,,
2018-05-01,66000,48000,75000.0,07_2018.csv,,
2018-06-01,65000,48000,80000.0,03_2021.csv,,
2018-06-01,64000,50000,80000.0,12_2018.csv,,
2018-06-01,64000,47000,83000.0,01_2019.csv,,
2018-06-01,63000,48000,82000.0,03_2019.csv,,
2018-06-01,64000,48000,77000.0,11_2018.csv,,
2018-06-01,63000,47000,81000.0,02_2019.csv,,
2018-06-01,63000,50000,63000.0,01_2021.csv,,
2018-06-01,64000,50000,79000.0,09_2018.csv,,
2018-06-01,64000,49000,63000.0,02_2021.csv,,
2018-07-01,64000,48000,82000.0,02_2019.csv,,
2018-07-01,63000,50000,81000.0,05_2019.csv,,
2018-07-01,64000,51000,80000.0,01_2022.csv,,
2018-07-01,64000,50000,65000.0,05_2021.csv,,
2018-07-01,63000,45000,75000.0,11_2020.csv,,
2018-07-01,64000,50000,63000.0,02_2021.csv,,
2018-07-01,63000,52000,78000.0,10_2021.csv,,
2018-07-01,64000,50000,63000.0,11_2021.csv,,
2018-07-01,64000,49000,78000.0,02_2020.csv,,
2018-07-01,63000,44000,73000.0,10_2020.csv,,
2018-07-01,64000,53000,82000.0,07_2020.csv,,
2018-07-01,63000,53000,63000.0,10_2019.csv,,
2018-07-01,65000,52000,64000.0,07_2021.csv,,
2018-07-01,64000,50000,84000.0,12_2019.csv,,
2018-07-01,64000,43000,78000.0,05_2020.csv,,
2018-07-01,65000,48000,81000.0,08_2018.csv,,
2018-07-01,64000,47000,64000.0,12_2020.csv,,
2018-07-01,64000,52000,82000.0,09_2021.csv,,
2018-07-01,64000,49000,78000.0,08_2019.csv,,
2018-07-01,63000,51000,80000.0,04_2021.csv,,
2018-07-01,64000,48000,82000.0,11_2019.csv,,
2018-07-01,65000,50000,81000.0,07_2019.csv,,
2018-07-01,65000,42000,78000.0,04_2020.csv,,
2018-07-01,63000,49000,82000.0,03_2019.csv,,
2018-07-01,64000,48000,84000.0,03_2021.csv,,
2018-07-01,63000,51000,81000.0,01_2020.csv,,
2018-07-01,64000,52000,64000.0,08_2021.csv,,
2018-07-01,64000,51000,64000.0,06_2021.csv,,
2018-07-01,63000,47000,82000.0,06_2020.csv,,
2018-07-01,64000,49000,78000.0,09_2018.csv,,
2018-07-01,64000,51000,63000.0,06_2019.csv,,
2018-07-01,64000,50000,64000.0,01_2021.csv,,
2018-07-01,63000,50000,63000.0,04_2019.csv,,
2018-07-01,64000,50000,78000.0,11_2018.csv,,
2018-07-01,67000,50000,81000.0,08_2020.csv,,
2018-07-01,64000,51000,,09_2019.csv,80000.0,98000.0
2018-07-01,65000,48000,82000.0,01_2019.csv,,
2018-07-01,63000,48000,83000.0,09_2020.csv,,
2018-07-01,63000,48000,82000.0,12_2021.csv,,
2018-07-01,63000,47000,80000.0,03_2020.csv,,
2018-07-01,64000,51000,83000.0,12_2018.csv,,
2018-08-01,64000,50000,80000.0,03_2021.csv,,
2018-08-01,64000,51000,78000.0,11_2018.csv,,
2018-08-01,63000,50000,79000.0,11_2018.csv,,
2018-08-01,63000,50000,83000.0,03_2019.csv,,
2018-08-01,63000,50000,82000.0,12_2018.csv,,
2018-08-01,64000,51000,63000.0,02_2021.csv,,
2018-08-01,64000,50000,80000.0,01_2019.csv,,
2018-08-01,64000,50000,79000.0,09_2018.csv,,
2018-08-01,65000,50000,64000.0,01_2021.csv,,
2018-08-01,63000,50000,83000.0,02_2019.csv,,
2018-09-01,63000,50000,79000.0,12_2021.csv,,
2018-09-01,63000,52000,81000.0,08_2019.csv,,
2018-09-01,63000,51000,64000.0,05_2021.csv,,
2018-09-01,63000,52000,78000.0,07_2020.csv,,
2018-09-01,64000,50000,81000.0,11_2019.csv,,
2018-09-01,64000,51000,64000.0,08_2021.csv,,
2018-09-01,63000,44000,74000.0,11_2020.csv,,
2018-09-01,63000,46000,73000.0,10_2020.csv,,
2018-09-01,62000,50000,63000.0,10_2019.csv,,
2018-09-01,63000,52000,63000.0,06_2021.csv,,
2018-09-01,65000,51000,78000.0,08_2020.csv,,
2018-09-01,63000,52000,63000.0,07_2021.csv,,
2018-09-01,63000,48000,78000.0,06_2020.csv,,
2018-09-01,63000,50000,78000.0,11_2018.csv,,
2018-09-01,63000,47000,63000.0,12_2020.csv,,
2018-09-01,64000,52000,81000.0,07_2019.csv,,
2018-09-01,63000,52000,63000.0,11_2021.csv,,
2018-09-01,63000,47000,79000.0,09_2020.csv,,
2018-09-01,63000,52000,62000.0,06_2019.csv,,
2018-09-01,63000,50000,78000.0,10_2021.csv,,
2018-09-01,63000,51000,,09_2019.csv,78000.0,96000.0
2018-09-01,64000,52000,80000.0,12_2019.csv,,
2018-09-01,63000,49000,79000.0,09_2021.csv,,
2018-09-01,63000,51000,81000.0,12_2018.csv,,
2018-09-01,63000,50000,80000.0,02_2019.csv,,
2018-09-01,63000,51000,81000.0,03_2019.csv,,
2018-09-01,63000,52000,62000.0,04_2019.csv,,
2018-09-01,63000,52000,79000.0,01_2019.csv,,
2018-09-01,64000,52000,63000.0,02_2021.csv,,
2018-09-01,66000,51000,65000.0,01_2021.csv,,
2018-09-01,64000,46000,80000.0,04_2020.csv,,
2018-09-01,64000,50000,82000.0,03_2020.csv,,
2018-09-01,63000,52000,79000.0,01_2020.csv,,
2018-09-01,62000,52000,79000.0,01_2022.csv,,
2018-09-01,62000,52000,78000.0,03_2021.csv,,
2018-09-01,63000,51000,78000.0,05_2019.csv,,
2018-09-01,63000,50000,80000.0,05_2020.csv,,
2018-09-01,63000,51000,80000.0,02_2020.csv,,
2018-09-01,64000,52000,82000.0,04_2021.csv,,
2018-10-01,65000,51000,64000.0,01_2021.csv,,
2018-10-01,62000,52000,79000.0,12_2018.csv,,
2018-10-01,63000,52000,82000.0,02_2019.csv,,
2018-10-01,64000,51000,79000.0,11_2018.csv,,
2018-10-01,63000,52000,83000.0,03_2019.csv,,
2018-10-01,63000,52000,79000.0,01_2019.csv,,
2018-10-01,64000,51000,79000.0,11_2018.csv,,
2018-10-01,62000,51000,80000.0,03_2021.csv,,
2018-10-01,63000,52000,62000.0,02_2021.csv,,
2018-11-01,64000,48000,79000.0,07_2019.csv,,
2018-11-01,63000,47000,62000.0,12_2020.csv,,
2018-11-01,62000,51000,79000.0,02_2019.csv,,
2018-11-01,61000,53000,79000.0,05_2020.csv,,
2018-11-01,62000,48000,77000.0,11_2019.csv,,
2018-11-01,62000,52000,80000.0,05_2019.csv,,
2018-11-01,63000,53000,79000.0,03_2021.csv,,
2018-11-01,61000,52000,78000.0,12_2018.csv,,
2018-11-01,63000,52000,80000.0,12_2019.csv,,
2018-11-01,62000,53000,79000.0,04_2021.csv,,
2018-11-01,62000,42000,77000.0,04_2020.csv,,
2018-11-01,62000,49000,63000.0,06_2021.csv,,
2018-11-01,62000,44000,74000.0,11_2020.csv,,
2018-11-01,62000,49000,62000.0,07_2021.csv,,
2018-11-01,62000,49000,63000.0,10_2019.csv,,
2018-11-01,62000,52000,61000.0,06_2019.csv,,
2018-11-01,62000,50000,74000.0,07_2020.csv,,
2018-11-01,62000,51000,62000.0,11_2021.csv,,
2018-11-01,63000,51000,72000.0,01_2022.csv,,
2018-11-01,63000,53000,78000.0,03_2020.csv,,
2018-11-01,62000,52000,78000.0,02_2020.csv,,
2018-11-01,62000,51000,80000.0,03_2019.csv,,
2018-11-01,62000,52000,62000.0,04_2019.csv,,
2018-11-01,62000,52000,76000.0,06_2020.csv,,
2018-11-01,59000,49000,,09_2019.csv,73000.0,108000.0
2018-11-01,63000,49000,63000.0,08_2021.csv,,
2018-11-01,62000,53000,77000.0,09_2021.csv,,
2018-11-01,61000,51000,76000.0,08_2019.csv,,
2018-11-01,62000,52000,75000.0,12_2021.csv,,
2018-11-01,62000,49000,75000.0,10_2020.csv,,
2018-11-01,62000,52000,77000.0,10_2021.csv,,
2018-11-01,64000,52000,63000.0,01_2021.csv,,
2018-11-01,62000,52000,79000.0,01_2020.csv,,
2018-11-01,62000,49000,80000.0,01_2019.csv,,
2018-11-01,62000,53000,63000.0,05_2021.csv,,
2018-11-01,63000,53000,62000.0,02_2021.csv,,
2018-11-01,64000,53000,76000.0,08_2020.csv,,
2018-11-01,62000,40000,76000.0,09_2020.csv,,
2018-12-01,62000,53000,78000.0,02_2019.csv,,
2018-12-01,62000,50000,79000.0,01_2019.csv,,
2018-12-01,62000,58000,62000.0,01_2021.csv,,
2018-12-01,62000,50000,62000.0,02_2021.csv,,
2018-12-01,61000,52000,79000.0,03_2019.csv,,
2018-12-01,62000,50000,73000.0,03_2021.csv,,
2019-01-01,70000,55000,72000.0,10_2019.csv,,
2019-01-01,70000,62000,96000.0,01_2022.csv,,
2019-01-01,61000,48000,73000.0,04_2021.csv,,
2019-01-01,78000,61000,75000.0,11_2021.csv,,
2019-01-01,73000,60000,73000.0,06_2019.csv,,
2019-01-01,72000,58000,87000.0,07_2020.csv,,
2019-01-01,78000,61000,,06_2023.csv,94000.0,
2019-01-01,77000,62000,73000.0,02_2022.csv,,
2019-01-01,70000,60000,,09_2023.csv,95000.0,
2019-01-01,78000,58000,,01_2025.csv,94000.0,
2019-01-01,78000,59000,,08_2023.csv,94000.0,
2019-01-01,78000,62000,77000.0,01_2023.csv,94000.0,
2019-01-01,77000,61000,78000.0,05_2022.csv,94000.0,
2019-01-01,70000,62000,95000.0,12_2021.csv,,
2019-01-01,68000,52000,94000.0,10_2020.csv,,
2019-01-01,77000,61000,78000.0,10_2021.csv,,
2019-01-01,70000,50000,78000.0,06_2020.csv,,
2019-01-01,73000,52000,78000.0,04_2019.csv,,
2019-01-01,78000,61000,78000.0,03_2022.csv,94000.0,
2019-01-01,62000,53000,75000.0,07_2019.csv,,
2019-01-01,72000,60000,94000.0,03_2019.csv,,
2019-01-01,73000,57000,95000.0,01_2020.csv,,
2019-01-01,69000,52000,78000.0,11_2020.csv,,
2019-01-01,73000,58000,75000.0,03_2020.csv,,
2019-01-01,73000,54000,72000.0,06_2021.csv,,
2019-01-01,78000,62000,73000.0,02_2021.csv,,
2019-01-01,62000,51000,79000.0,04_2020.csv,,
2019-01-01,77000,60000,,5_2024.csv,95000.0,
2019-01-01,78000,60000,,04_2023.csv,95000.0,
2019-01-01,78000,60000,,9_2024.csv,94000.0,
2019-01-01,71000,61000,70000.0,07_2021.csv,,
2019-01-01,78000,61000,,6_2024.csv,95000.0,
2019-01-01,75000,60000,,7_2024.csv,95000.0,
2019-01-01,78000,60000,78000.0,04_2022.csv,94000.0,
2019-01-01,78000,60000,,1_2024.csv,94000.0,
2019-01-01,78000,62000,,03_2023.csv,94000.0,
2019-01-01,78000,58000,95000.0,05_2019.csv,,
2019-01-01,72000,51000,95000.0,11_2019.csv,,
2019-01-01,78000,62000,,12_2023.csv,95000.0,
2019-01-01,78000,62000,,10_2023.csv,94000.0,
2019-01-01,70000,52000,76000.0,09_2020.csv,,
2019-01-01,78000,62000,,07_2023.csv,95000.0,
2019-01-01,61000,53000,77000.0,08_2019.csv,,
2019-01-01,72000,49000,73000.0,05_2020.csv,,
2019-01-01,78000,62000,94000.0,02_2019.csv,,
2019-01-01,75000,62000,78000.0,09_2022.csv,94000.0,
2019-01-01,72000,57000,95000.0,02_2020.csv,,
2019-01-01,78000,62000,,2_2024.csv,94000.0,
2019-01-01,72000,60000,72000.0,08_2021.csv,,
2019-01-01,78000,62000,74000.0,01_2021.csv,,
2019-01-01,75000,60000,,05_2023.csv,96000.0,
2019-01-01,78000,60000,,3_2024.csv,95000.0,
2019-01-01,78000,62000,78000.0,02_2023.csv,95000.0,
2019-01-01,78000,60000,72000.0,05_2021.csv,,
2019-01-01,77000,62000,78000.0,11_2022.csv,94000.0,
2019-01-01,77000,63000,95000.0,03_2021.csv,,
2019-01-01,78000,62000,,09_2019.csv,97000.0,128000.0
2019-01-01,71000,58000,77000.0,12_2019.csv,,
2019-01-01,78000,58000,78000.0,08_2022.csv,93000.0,
2019-01-01,70000,58000,72000.0,12_2020.csv,,
2019-01-01,77000,61000,78000.0,10_2022.csv,93000.0,
2019-01-01,70000,60000,,8_2024.csv,94000.0,
2019-01-01,72000,52000,95000.0,08_2020.csv,,
2019-01-01,77000,62000,78000.0,07_2022.csv,93000.0,
2019-01-01,78000,60000,,4_2024.csv,96000.0,
2019-01-01,76000,62000,78000.0,09_2021.csv,,
2019-01-01,76000,61000,78000.0,12_2022.csv,94000.0,
2019-02-01,70000,58000,73000.0,04_2022.csv,85000.0,
2019-02-01,71000,58000,90000.0,03_2019.csv,,
2019-02-01,72000,60000,90000.0,03_2021.csv,,
2019-02-01,74000,58000,70000.0,02_2022.csv,,
2019-02-01,71000,58000,73000.0,03_2022.csv,84000.0,
2019-02-01,73000,60000,70000.0,01_2021.csv,,
2019-02-01,73000,59000,71000.0,02_2021.csv,,
2019-03-01,70000,58000,,9_2024.csv,84000.0,
2019-03-01,78000,62000,95000.0,04_2021.csv,,
2019-03-01,70000,60000,,01_2025.csv,84000.0,
2019-03-01,70000,56000,73000.0,04_2022.csv,94000.0,
2019-03-01,73000,62000,96000.0,08_2019.csv,,
2019-03-01,71000,59000,75000.0,12_2022.csv,88000.0,
2019-03-01,70000,60000,,12_2023.csv,85000.0,
2019-03-01,73000,53000,94000.0,04_2020.csv,,
2019-03-01,70000,60000,85000.0,02_2020.csv,,
2019-03-01,72000,60000,71000.0,08_2021.csv,,
2019-03-01,68000,58000,,07_2023.csv,82000.0,
2019-03-01,70000,58000,81000.0,08_2020.csv,,
2019-03-01,69000,58000,,10_2023.csv,83000.0,
2019-03-01,70000,59000,,03_2023.csv,82000.0,
2019-03-01,68000,58000,,1_2024.csv,82000.0,
2019-03-01,70000,58000,71000.0,08_2022.csv,83000.0,
2019-03-01,70000,58000,73000.0,07_2022.csv,83000.0,
2019-03-01,70000,58000,71000.0,10_2022.csv,84000.0,
2019-03-01,72000,59000,85000.0,10_2020.csv,,
2019-03-01,70000,57000,69000.0,07_2021.csv,,
2019-03-01,68000,57000,,8_2024.csv,83000.0,
2019-03-01,70000,58000,,6_2024.csv,84000.0,
2019-03-01,72000,58000,70000.0,02_2021.csv,,
2019-03-01,72000,58000,68000.0,02_2022.csv,,
2019-03-01,70000,59000,96000.0,07_2020.csv,,
2019-03-01,68000,57000,,08_2023.csv,82000.0,
2019-03-01,70000,58000,,5_2024.csv,83000.0,
2019-03-01,73000,58000,95000.0,10_2021.csv,,
2019-03-01,71000,57000,73000.0,07_2019.csv,,
2019-03-01,72000,57000,71000.0,04_2019.csv,,
2019-03-01,68000,62000,70000.0,10_2019.csv,,
2019-03-01,73000,58000,94000.0,12_2019.csv,,
2019-03-01,69000,57000,70000.0,12_2020.csv,,
2019-03-01,70000,57000,72000.0,03_2022.csv,83000.0,
2019-03-01,73000,45000,95000.0,06_2020.csv,,
2019-03-01,70000,58000,,2_2024.csv,83000.0,
2019-03-01,73000,59000,71000.0,11_2021.csv,,
2019-03-01,68000,58000,,3_2024.csv,83000.0,
2019-03-01,74000,57000,89000.0,01_2022.csv,,
2019-03-01,70000,58000,,05_2023.csv,84000.0,
2019-03-01,72000,59000,73000.0,01_2023.csv,85000.0,
2019-03-01,70000,60000,,4_2024.csv,84000.0,
2019-03-01,72000,58000,93000.0,09_2020.csv,,
2019-03-01,70000,58000,69000.0,01_2021.csv,,
2019-03-01,70000,58000,72000.0,06_2019.csv,,
2019-03-01,70000,58000,74000.0,02_2023.csv,82000.0,
2019-03-01,70000,57000,94000.0,03_2020.csv,,
2019-03-01,70000,58000,71000.0,09_2022.csv,83000.0,
2019-03-01,70000,58000,,7_2024.csv,85000.0,
2019-03-01,69000,61000,70000.0,06_2021.csv,,
2019-03-01,70000,46000,95000.0,11_2020.csv,,
2019-03-01,70000,59000,73000.0,11_2022.csv,84000.0,
2019-03-01,70000,59000,95000.0,03_2021.csv,,
2019-03-01,69000,59000,,06_2023.csv,83000.0,
2019-03-01,68000,59000,,09_2019.csv,83000.0,116000.0
2019-03-01,70000,60000,,09_2023.csv,85000.0,
2019-03-01,72000,59000,72000.0,09_2021.csv,,
2019-03-01,70000,50000,95000.0,05_2020.csv,,
2019-03-01,68000,58000,,04_2023.csv,82000.0,
2019-03-01,73000,58000,70000.0,05_2021.csv,,
2019-03-01,70000,61000,86000.0,01_2020.csv,,
2019-03-01,75000,58000,85000.0,12_2021.csv,,
2019-03-01,70000,58000,88000.0,05_2019.csv,,
2019-03-01,70000,57000,72000.0,05_2022.csv,85000.0,
2019-03-01,70000,52000,85000.0,11_2019.csv,,
2019-04-01,73000,58000,70000.0,02_2022.csv,,
2019-04-01,71000,58000,69000.0,02_2021.csv,,
2019-04-01,70000,56000,69000.0,01_2021.csv,,
2019-04-01,72000,54000,73000.0,04_2022.csv,93000.0,
2019-04-01,73000,60000,73000.0,03_2022.csv,94000.0,
2019-04-01,71000,57000,92000.0,03_2021.csv,,
2019-05-01,72000,60000,73000.0,08_2022.csv,93000.0,
2019-05-01,72000,55000,72000.0,07_2022.csv,93000.0,
2019-05-01,70000,54000,67000.0,07_2021.csv,,
2019-05-01,70000,60000,,1_2024.csv,94000.0,
2019-05-01,70000,58000,,4_2024.csv,94000.0,
2019-05-01,69000,54000,,8_2024.csv,94000.0,
2019-05-01,71000,60000,,04_2023.csv,94000.0,
2019-05-01,67000,55000,,09_2019.csv,83000.0,121000.0
2019-05-01,72000,57000,70000.0,11_2022.csv,93000.0,
2019-05-01,70000,55000,,7_2024.csv,95000.0,
2019-05-01,70000,60000,,10_2023.csv,95000.0,
2019-05-01,70000,58000,70000.0,10_2019.csv,,
2019-05-01,72000,60000,75000.0,02_2023.csv,94000.0,
2019-05-01,70000,57000,68000.0,02_2021.csv,,
2019-05-01,70000,60000,,07_2023.csv,94000.0,
2019-05-01,74000,59000,74000.0,03_2022.csv,96000.0,
2019-05-01,69000,58000,89000.0,08_2019.csv,,
2019-05-01,70000,55000,70000.0,09_2021.csv,,
2019-05-01,70000,49000,90000.0,05_2020.csv,,
2019-05-01,70000,57000,95000.0,10_2020.csv,,
2019-05-01,72000,57000,71000.0,05_2021.csv,,
2019-05-01,73000,55000,84000.0,12_2021.csv,,
2019-05-01,73000,52000,72000.0,05_2022.csv,94000.0,
2019-05-01,72000,56000,90000.0,10_2021.csv,,
2019-05-01,70000,60000,93000.0,01_2020.csv,,
2019-05-01,68000,55000,,2_2024.csv,96000.0,
2019-05-01,69000,57000,,6_2024.csv,95000.0,
2019-05-01,72000,60000,,3_2024.csv,94000.0,
2019-05-01,74000,60000,74000.0,10_2022.csv,94000.0,
2019-05-01,70000,55000,,05_2023.csv,93000.0,
2019-05-01,67000,58000,,03_2023.csv,94000.0,
2019-05-01,67000,58000,79000.0,08_2020.csv,,
2019-05-01,70000,57000,,12_2023.csv,93000.0,
2019-05-01,69000,55000,68000.0,01_2021.csv,,
2019-05-01,68000,57000,94000.0,02_2020.csv,,
2019-05-01,73000,56000,72000.0,09_2022.csv,95000.0,
2019-05-01,70000,58000,69000.0,08_2021.csv,,
2019-05-01,70000,57000,85000.0,09_2020.csv,,
2019-05-01,75000,60000,,09_2023.csv,95000.0,
2019-05-01,69000,53000,83000.0,12_2019.csv,,
2019-05-01,73000,57000,70000.0,06_2019.csv,,
2019-05-01,68000,56000,,9_2024.csv,94000.0,
2019-05-01,68000,57000,73000.0,07_2019.csv,,
2019-05-01,70000,48000,90000.0,06_2020.csv,,
2019-05-01,73000,58000,88000.0,04_2021.csv,,
2019-05-01,73000,54000,83000.0,01_2022.csv,,
2019-05-01,72000,51000,92000.0,11_2019.csv,,
2019-05-01,68000,55000,,5_2024.csv,95000.0,
2019-05-01,70000,52000,71000.0,04_2022.csv,90000.0,
2019-05-01,70000,62000,,08_2023.csv,94000.0,
2019-05-01,73000,57000,73000.0,12_2022.csv,93000.0,
2019-05-01,72000,61000,,06_2023.csv,95000.0,
2019-05-01,72000,51000,90000.0,11_2020.csv,,
2019-05-01,71000,54000,68000.0,11_2021.csv,,
2019-05-01,70000,57000,73000.0,01_2023.csv,94000.0,
2019-05-01,69000,56000,,01_2025.csv,88000.0,
2019-05-01,70000,50000,88000.0,04_2020.csv,,
2019-05-01,71000,53000,71000.0,12_2020.csv,,
2019-05-01,71000,55000,89000.0,03_2021.csv,,
2019-05-01,73000,59000,72000.0,02_2022.csv,,
2019-05-01,70000,59000,68000.0,06_2021.csv,,
2019-05-01,70000,59000,92000.0,07_2020.csv,,
2019-05-01,70000,54000,84000.0,03_2020.csv,,
2019-06-01,68000,54000,67000.0,01_2021.csv,,
2019-06-01,69000,56000,68000.0,02_2021.csv,,
2019-06-01,71000,57000,68000.0,02_2022.csv,,
2019-06-01,72000,55000,72000.0,03_2022.csv,90000.0,
2019-06-01,68000,50000,69000.0,04_2022.csv,86000.0,
2019-06-01,70000,53000,93000.0,03_2021.csv,,
2019-07-01,68000,50000,82000.0,03_2020.csv,,
2019-07-01,67000,54000,,12_2023.csv,88000.0,
2019-07-01,69000,55000,,03_2023.csv,87000.0,
2019-07-01,70000,54000,66000.0,02_2022.csv,,
2019-07-01,68000,54000,68000.0,10_2022.csv,87000.0,
2019-07-01,71000,55000,93000.0,04_2021.csv,,
2019-07-01,65000,57000,77000.0,08_2020.csv,,
2019-07-01,68000,53000,,05_2023.csv,89000.0,
2019-07-01,70000,49000,87000.0,11_2019.csv,,
2019-07-01,69000,57000,90000.0,09_2020.csv,,
2019-07-01,67000,53000,83000.0,08_2019.csv,,
2019-07-01,67000,50000,82000.0,12_2021.csv,,
2019-07-01,67000,50000,84000.0,05_2020.csv,,
2019-07-01,68000,50000,68000.0,03_2022.csv,85000.0,
2019-07-01,68000,50000,67000.0,12_2020.csv,,
2019-07-01,69000,58000,85000.0,10_2020.csv,,
2019-07-01,68000,52000,,1_2024.csv,88000.0,
2019-07-01,68000,52000,69000.0,01_2023.csv,88000.0,
2019-07-01,67000,53000,66000.0,05_2021.csv,,
2019-07-01,67000,48000,67000.0,04_2022.csv,84000.0,
2019-07-01,68000,51000,68000.0,09_2021.csv,,
2019-07-01,70000,49000,70000.0,05_2022.csv,86000.0,
2019-07-01,70000,53000,85000.0,10_2021.csv,,
2019-07-01,67000,56000,,06_2023.csv,86000.0,
2019-07-01,72000,55000,90000.0,01_2020.csv,,
2019-07-01,65000,53000,,6_2024.csv,88000.0,
2019-07-01,66000,52000,,9_2024.csv,88000.0,
2019-07-01,68000,53000,,3_2024.csv,83000.0,
2019-07-01,68000,54000,67000.0,02_2021.csv,,
2019-07-01,67000,47000,84000.0,04_2020.csv,,
2019-07-01,70000,55000,,09_2023.csv,85000.0,
2019-07-01,72000,51000,81000.0,01_2022.csv,,
2019-07-01,69000,55000,68000.0,08_2022.csv,86000.0,
2019-07-01,66000,50000,,09_2019.csv,82000.0,107000.0
2019-07-01,69000,51000,69000.0,07_2022.csv,88000.0,
2019-07-01,60000,48000,,5_2024.csv,87000.0,
2019-07-01,70000,49000,91000.0,12_2019.csv,,
2019-07-01,69000,53000,67000.0,11_2022.csv,88000.0,
2019-07-01,70000,53000,70000.0,12_2022.csv,87000.0,
2019-07-01,68000,55000,69000.0,10_2019.csv,,
2019-07-01,67000,51000,65000.0,07_2021.csv,,
2019-07-01,67000,49000,65000.0,11_2021.csv,,
2019-07-01,65000,55000,,04_2023.csv,85000.0,
2019-07-01,68000,56000,,4_2024.csv,88000.0,
2019-07-01,68000,55000,84000.0,07_2020.csv,,
2019-07-01,64000,50000,,8_2024.csv,83000.0,
2019-07-01,66000,57000,,08_2023.csv,85000.0,
2019-07-01,60000,50000,,01_2025.csv,80000.0,
2019-07-01,73000,57000,73000.0,02_2023.csv,87000.0,
2019-07-01,68000,51000,95000.0,03_2021.csv,,
2019-07-01,64000,54000,88000.0,02_2020.csv,,
2019-07-01,67000,53000,66000.0,01_2021.csv,,
2019-07-01,67000,57000,67000.0,06_2021.csv,,
2019-07-01,73000,52000,69000.0,09_2022.csv,88000.0,
2019-07-01,68000,56000,80000.0,11_2020.csv,,
2019-07-01,68000,55000,,10_2023.csv,88000.0,
2019-07-01,69000,55000,68000.0,08_2021.csv,,
2019-07-01,67000,51000,,2_2024.csv,87000.0,
2019-07-01,68000,54000,,07_2023.csv,85000.0,
2019-07-01,68000,52000,,7_2024.csv,85000.0,
2019-07-01,68000,44000,82000.0,06_2020.csv,,
2019-08-01,65000,49000,85000.0,03_2021.csv,,
2019-08-01,66000,51000,65000.0,01_2021.csv,,
2019-08-01,66000,48000,65000.0,03_2022.csv,82000.0,
2019-08-01,65000,46000,65000.0,04_2022.csv,82000.0,
2019-08-01,67000,52000,66000.0,02_2021.csv,,
2019-08-01,68000,52000,64000.0,02_2022.csv,,
2019-09-01,65000,47000,79000.0,03_2020.csv,,
2019-09-01,66000,49000,62000.0,02_2022.csv,,
2019-09-01,67000,50000,66000.0,08_2021.csv,,
2019-09-01,63000,47000,82000.0,03_2021.csv,,
2019-09-01,66000,55000,85000.0,09_2020.csv,,
2019-09-01,65000,50000,,09_2023.csv,80000.0,
2019-09-01,65000,49000,65000.0,12_2020.csv,,
2019-09-01,66000,50000,65000.0,02_2021.csv,,
2019-09-01,62000,45000,66000.0,10_2019.csv,,
2019-09-01,64000,46000,78000.0,12_2021.csv,,
2019-09-01,68000,58000,76000.0,10_2020.csv,,
2019-09-01,66000,48000,64000.0,09_2022.csv,82000.0,
2019-09-01,63000,54000,74000.0,08_2020.csv,,
2019-09-01,64000,50000,64000.0,08_2022.csv,81000.0,
2019-09-01,70000,53000,70000.0,02_2023.csv,81000.0,
2019-09-01,66000,49000,66000.0,12_2022.csv,83000.0,
2019-09-01,60000,48000,,08_2023.csv,83000.0,
2019-09-01,64000,47000,65000.0,09_2021.csv,,
2019-09-01,63000,48000,,7_2024.csv,80000.0,
2019-09-01,62000,50000,,6_2024.csv,81000.0,
2019-09-01,66000,47000,66000.0,07_2022.csv,82000.0,
2019-09-01,68000,51000,83000.0,04_2021.csv,,
2019-09-01,65000,52000,81000.0,07_2020.csv,,
2019-09-01,62000,48000,64000.0,01_2023.csv,81000.0,
2019-09-01,60000,45000,78000.0,11_2019.csv,,
2019-09-01,63000,49000,,2_2024.csv,83000.0,
2019-09-01,60000,47000,,8_2024.csv,80000.0,
2019-09-01,63000,48000,62000.0,07_2021.csv,,
2019-09-01,63000,52000,,06_2023.csv,84000.0,
2019-09-01,63000,48000,,12_2023.csv,82000.0,
2019-09-01,66000,49000,63000.0,11_2022.csv,83000.0,
2019-09-01,60000,48000,,04_2023.csv,82000.0,
2019-09-01,64000,52000,65000.0,06_2021.csv,,
2019-09-01,62000,47000,,07_2023.csv,82000.0,
2019-09-01,62000,49000,,10_2023.csv,83000.0,
2019-09-01,64000,52000,,4_2024.csv,80000.0,
2019-09-01,68000,47000,83000.0,12_2019.csv,,
2019-09-01,64000,43000,79000.0,06_2020.csv,,
2019-09-01,67000,47000,79000.0,01_2022.csv,,
2019-09-01,64000,45000,63000.0,03_2022.csv,81000.0,
2019-09-01,62000,48000,,1_2024.csv,80000.0,
2019-09-01,64000,49000,63000.0,01_2021.csv,,
2019-09-01,63000,45000,83000.0,05_2020.csv,,
2019-09-01,62000,47000,60000.0,05_2021.csv,,
2019-09-01,64000,46000,82000.0,04_2020.csv,,
2019-09-01,67000,45000,66000.0,05_2022.csv,82000.0,
2019-09-01,57000,45000,,01_2025.csv,77000.0,
2019-09-01,58000,45000,,5_2024.csv,81000.0,
2019-09-01,68000,49000,82000.0,10_2021.csv,,
2019-09-01,65000,57000,77000.0,11_2020.csv,,
2019-09-01,60000,48000,,9_2024.csv,82000.0,
2019-09-01,63000,44000,63000.0,04_2022.csv,80000.0,
2019-09-01,63000,47000,,3_2024.csv,79000.0,
2019-09-01,65000,50000,,05_2023.csv,82000.0,
2019-09-01,63000,52000,83000.0,02_2020.csv,,
2019-09-01,64000,50000,,03_2023.csv,83000.0,
2019-09-01,63000,49000,63000.0,10_2022.csv,80000.0,
2019-09-01,68000,47000,82000.0,01_2020.csv,,
2019-09-01,65000,45000,63000.0,11_2021.csv,,
2019-10-01,61000,42000,61000.0,04_2022.csv,78000.0,
2019-10-01,64000,46000,60000.0,02_2022.csv,,
2019-10-01,61000,43000,61000.0,03_2022.csv,77000.0,
2019-10-01,65000,48000,64000.0,02_2021.csv,,
2019-10-01,61000,46000,81000.0,03_2021.csv,,
2019-10-01,62000,46000,61000.0,01_2021.csv,,
2019-11-01,62000,44000,60000.0,09_2022.csv,78000.0,
2019-11-01,59000,43000,58000.0,01_2021.csv,,
2019-11-01,58000,46000,,1_2024.csv,78000.0,
2019-11-01,59000,41000,59000.0,04_2022.csv,76000.0,
2019-11-01,64000,44000,,9_2024.csv,86000.0,
2019-11-01,61000,48000,,05_2023.csv,78000.0,
2019-11-01,62000,48000,80000.0,09_2020.csv,,
2019-11-01,61000,45000,58000.0,02_2022.csv,,
2019-11-01,60000,42000,62000.0,05_2022.csv,74000.0,
2019-11-01,59000,45000,61000.0,09_2021.csv,,
2019-11-01,58000,43000,57000.0,05_2021.csv,,
2019-11-01,61000,42000,78000.0,05_2020.csv,,
2019-11-01,57000,42000,74000.0,01_2020.csv,,
2019-11-01,57000,44000,58000.0,01_2023.csv,72000.0,
2019-11-01,60000,45000,,7_2024.csv,78000.0,
2019-11-01,59000,46000,,2_2024.csv,73000.0,
2019-11-01,60000,47000,,6_2024.csv,79000.0,
2019-11-01,61000,54000,73000.0,11_2020.csv,,
2019-11-01,60000,45000,,09_2023.csv,80000.0,
2019-11-01,60000,47000,79000.0,04_2021.csv,,
2019-11-01,61000,42000,75000.0,06_2020.csv,,
2019-11-01,62000,50000,,4_2024.csv,78000.0,
2019-11-01,64000,49000,64000.0,12_2020.csv,,
2019-11-01,65000,47000,66000.0,02_2023.csv,76000.0,
2019-11-01,57000,44000,,04_2023.csv,72000.0,
2019-11-01,58000,45000,73000.0,03_2020.csv,,
2019-11-01,64000,45000,75000.0,01_2022.csv,,
2019-11-01,63000,45000,60000.0,11_2022.csv,79000.0,
2019-11-01,59000,47000,,06_2023.csv,74000.0,
2019-11-01,58000,45000,,3_2024.csv,78000.0,
2019-11-01,62000,45000,63000.0,06_2021.csv,,
2019-11-01,62000,43000,61000.0,11_2021.csv,,
2019-11-01,61000,44000,76000.0,12_2021.csv,,
2019-11-01,62000,41000,75000.0,04_2020.csv,,
2019-11-01,63000,45000,64000.0,07_2022.csv,78000.0,
2019-11-01,59000,45000,76000.0,03_2021.csv,,
2019-11-01,59000,45000,60000.0,08_2022.csv,79000.0,
2019-11-01,59000,45000,75000.0,12_2019.csv,,
2019-11-01,60000,46000,,12_2023.csv,79000.0,
2019-11-01,59000,45000,59000.0,07_2021.csv,,
2019-11-01,58000,45000,,10_2023.csv,77000.0,
2019-11-01,57000,44000,,8_2024.csv,74000.0,
2019-11-01,59000,46000,72000.0,08_2020.csv,,
2019-11-01,57000,43000,59000.0,10_2022.csv,78000.0,
2019-11-01,58000,44000,,07_2023.csv,75000.0,
2019-11-01,59000,45000,,03_2023.csv,73000.0,
2019-11-01,62000,50000,78000.0,07_2020.csv,,
2019-11-01,65000,45000,80000.0,10_2021.csv,,
2019-11-01,62000,47000,82000.0,02_2020.csv,,
2019-11-01,63000,45000,63000.0,12_2022.csv,79000.0,
2019-11-01,63000,43000,,08_2023.csv,85000.0,
2019-11-01,64000,46000,63000.0,02_2021.csv,,
2019-11-01,63000,42000,,01_2025.csv,72000.0,
2019-11-01,55000,43000,,5_2024.csv,78000.0,
2019-11-01,65000,46000,64000.0,08_2021.csv,,
2019-11-01,58000,42000,59000.0,03_2022.csv,74000.0,
2019-11-01,62000,54000,70000.0,10_2020.csv,,
2019-12-01,57000,40000,57000.0,04_2022.csv,73000.0,
2019-12-01,57000,44000,72000.0,03_2021.csv,,
2019-12-01,62000,43000,60000.0,02_2021.csv,,
2019-12-01,57000,41000,58000.0,03_2022.csv,72000.0,
2019-12-01,57000,42000,57000.0,01_2021.csv,,
2019-12-01,60000,43000,57000.0,02_2022.csv,,
2020-01-01,77000,51000,73000.0,11_2021.csv,,
2020-01-01,67000,48000,67000.0,10_2022.csv,89000.0,
2020-01-01,68000,44000,66000.0,09_2022.csv,90000.0,
2020-01-01,63000,43000,,07_2023.csv,74000.0,
2020-01-01,65000,43000,64000.0,08_2021.csv,,
2020-01-01,66000,42000,64000.0,11_2022.csv,89000.0,
2020-01-01,67000,42000,66000.0,02_2023.csv,90000.0,
2020-01-01,64000,42000,,04_2023.csv,90000.0,
2020-01-01,62000,48000,,4_2024.csv,70000.0,
2020-01-01,65000,44000,,2_2024.csv,90000.0,
2020-01-01,65000,42000,,3_2024.csv,92000.0,
2020-01-01,64000,48000,90000.0,03_2021.csv,,
2020-01-01,65000,43000,,12_2023.csv,90000.0,
2020-01-01,65000,45000,,7_2024.csv,88000.0,
2020-01-01,66000,44000,88000.0,08_2020.csv,,
2020-01-01,64000,44000,,05_2023.csv,90000.0,
2020-01-01,63000,50000,89000.0,02_2020.csv,,
2020-01-01,65000,50000,88000.0,10_2021.csv,,
2020-01-01,65000,43000,85000.0,09_2020.csv,,
2020-01-01,66000,45000,66000.0,05_2022.csv,89000.0,
2020-01-01,67000,51000,66000.0,09_2021.csv,,
2020-01-01,69000,52000,68000.0,03_2022.csv,89000.0,
2020-01-01,64000,50000,61000.0,05_2021.csv,,
2020-01-01,68000,44000,89000.0,10_2020.csv,,
2020-01-01,68000,50000,66000.0,01_2021.csv,,
2020-01-01,65000,43000,,10_2023.csv,90000.0,
2020-01-01,55000,40000,,09_2023.csv,85000.0,
2020-01-01,63000,44000,73000.0,01_2022.csv,,
2020-01-01,66000,42000,64000.0,08_2022.csv,89000.0,
2020-01-01,64000,44000,,03_2023.csv,89000.0,
2020-01-01,64000,49000,89000.0,03_2020.csv,,
2020-01-01,65000,44000,63000.0,07_2021.csv,,
2020-01-01,69000,51000,68000.0,06_2021.csv,,
2020-01-01,57000,42000,58000.0,07_2022.csv,68000.0,
2020-01-01,64000,45000,,06_2023.csv,89000.0,
2020-01-01,64000,44000,,1_2024.csv,90000.0,
2020-01-01,64000,43000,,8_2024.csv,87000.0,
2020-01-01,68000,48000,67000.0,04_2022.csv,89000.0,
2020-01-01,64000,48000,73000.0,07_2020.csv,,
2020-01-01,67000,50000,68000.0,06_2020.csv,,
2020-01-01,67000,43000,67000.0,01_2023.csv,89000.0,
2020-01-01,54000,46000,,01_2025.csv,80000.0,
2020-01-01,67000,42000,67000.0,12_2022.csv,89000.0,
2020-01-01,68000,52000,65000.0,02_2022.csv,,
2020-01-01,66000,45000,87000.0,12_2021.csv,,
2020-01-01,64000,50000,90000.0,11_2020.csv,,
2020-01-01,64000,47000,,5_2024.csv,91000.0,
2020-01-01,58000,45000,74000.0,04_2021.csv,,
2020-01-01,57000,41000,,08_2023.csv,72000.0,
2020-01-01,65000,50000,64000.0,02_2021.csv,,
2020-01-01,64000,45000,,6_2024.csv,89000.0,
2020-01-01,65000,43000,64000.0,12_2020.csv,,
2020-01-01,64000,40000,,9_2024.csv,72000.0,
2020-01-01,58000,41000,68000.0,04_2020.csv,,
2020-01-01,67000,45000,73000.0,05_2020.csv,,
2020-02-01,67000,50000,67000.0,03_2022.csv,88000.0,
2020-02-01,64000,45000,64000.0,01_2021.csv,,
2020-02-01,66000,46000,65000.0,04_2022.csv,88000.0,
2020-02-01,66000,50000,62000.0,02_2022.csv,,
2020-02-01,65000,48000,63000.0,02_2021.csv,,
2020-02-01,63000,45000,88000.0,03_2021.csv,,
2020-03-01,64000,42000,62000.0,09_2021.csv,,
2020-03-01,58000,44000,,01_2025.csv,88000.0,
2020-03-01,63000,42000,88000.0,10_2020.csv,,
2020-03-01,65000,45000,,8_2024.csv,88000.0,
2020-03-01,60000,45000,,09_2023.csv,85000.0,
2020-03-01,56000,38000,,9_2024.csv,84000.0,
2020-03-01,64000,46000,64000.0,01_2023.csv,85000.0,
2020-03-01,60000,46000,63000.0,01_2022.csv,,
2020-03-01,65000,44000,61000.0,01_2021.csv,,
2020-03-01,63000,46000,63000.0,11_2022.csv,83000.0,
2020-03-01,67000,45000,65000.0,11_2021.csv,,
2020-03-01,57000,40000,,10_2023.csv,84000.0,
2020-03-01,65000,41000,64000.0,10_2022.csv,83000.0,
2020-03-01,64000,44000,61000.0,02_2021.csv,,
2020-03-01,63000,42000,90000.0,11_2020.csv,,
2020-03-01,61000,41000,61000.0,09_2022.csv,84000.0,
2020-03-01,64000,47000,60000.0,02_2022.csv,,
2020-03-01,63000,40000,63000.0,12_2020.csv,,
2020-03-01,62000,43000,85000.0,10_2021.csv,,
2020-03-01,62000,42000,89000.0,05_2020.csv,,
2020-03-01,54000,40000,,2_2024.csv,84000.0,
2020-03-01,65000,41000,64000.0,12_2022.csv,86000.0,
2020-03-01,64000,43000,89000.0,04_2020.csv,,
2020-03-01,63000,43000,,7_2024.csv,85000.0,
2020-03-01,62000,48000,63000.0,02_2023.csv,85000.0,
2020-03-01,61000,40000,61000.0,08_2021.csv,,
2020-03-01,64000,44000,66000.0,07_2022.csv,88000.0,
2020-03-01,66000,43000,66000.0,06_2021.csv,,
2020-03-01,63000,42000,65000.0,07_2021.csv,,
2020-03-01,63000,42000,84000.0,08_2020.csv,,
2020-03-01,63000,48000,,03_2023.csv,85000.0,
2020-03-01,64000,44000,63000.0,04_2022.csv,86000.0,
2020-03-01,58000,43000,60000.0,08_2022.csv,83000.0,
2020-03-01,62000,38000,,04_2023.csv,84000.0,
2020-03-01,58000,44000,,4_2024.csv,66000.0,
2020-03-01,67000,43000,90000.0,04_2021.csv,,
2020-03-01,62000,42000,88000.0,07_2020.csv,,
2020-03-01,63000,43000,60000.0,06_2020.csv,,
2020-03-01,61000,42000,,06_2023.csv,84000.0,
2020-03-01,61000,42000,85000.0,03_2021.csv,,
2020-03-01,58000,42000,,5_2024.csv,85000.0,
2020-03-01,63000,44000,,05_2023.csv,85000.0,
2020-03-01,64000,41000,90000.0,09_2020.csv,,
2020-03-01,54000,38000,,08_2023.csv,85000.0,
2020-03-01,63000,42000,59000.0,05_2021.csv,,
2020-03-01,55000,38000,,3_2024.csv,82000.0,
2020-03-01,55000,38000,,07_2023.csv,85000.0,
2020-03-01,58000,40000,,1_2024.csv,84000.0,
2020-03-01,63000,43000,64000.0,05_2022.csv,85000.0,
2020-03-01,57000,42000,,6_2024.csv,81000.0,
2020-03-01,63000,42000,83000.0,12_2021.csv,,
2020-03-01,64000,47000,64000.0,03_2022.csv,84000.0,
2020-03-01,60000,40000,,12_2023.csv,84000.0,
2020-04-01,63000,46000,63000.0,03_2022.csv,86000.0,
2020-04-01,62000,45000,58000.0,02_2022.csv,,
2020-04-01,60000,41000,62000.0,03_2021.csv,,
2020-04-01,62000,38000,58000.0,01_2021.csv,,
2020-04-01,62000,42000,61000.0,04_2022.csv,83000.0,
2020-04-01,54000,38000,57000.0,02_2021.csv,,
2020-05-01,64000,41000,85000.0,04_2021.csv,,
2020-05-01,56000,42000,,1_2024.csv,86000.0,
2020-05-01,63000,39000,62000.0,12_2022.csv,83000.0,
2020-05-01,54000,40000,,9_2024.csv,86000.0,
2020-05-01,50000,38000,,08_2023.csv,82000.0,
2020-05-01,62000,42000,64000.0,07_2022.csv,85000.0,
2020-05-01,52000,41000,,01_2025.csv,91000.0,
2020-05-01,62000,44000,62000.0,03_2022.csv,84000.0,
2020-05-01,55000,39000,,12_2023.csv,85000.0,
2020-05-01,56000,44000,58000.0,10_2020.csv,,
2020-05-01,57000,39000,59000.0,10_2022.csv,83000.0,
2020-05-01,53000,38000,,07_2023.csv,82000.0,
2020-05-01,55000,39000,,10_2023.csv,83000.0,
2020-05-01,57000,40000,58000.0,03_2021.csv,,
2020-05-01,53000,38000,63000.0,08_2020.csv,,
2020-05-01,56000,38000,56000.0,08_2021.csv,,
2020-05-01,56000,38000,61000.0,07_2021.csv,,
2020-05-01,52000,38000,56000.0,02_2021.csv,,
2020-05-01,57000,43000,,03_2023.csv,88000.0,
2020-05-01,52000,39000,55000.0,08_2022.csv,70000.0,
2020-05-01,52000,39000,68000.0,07_2020.csv,,
2020-05-01,62000,41000,,8_2024.csv,82000.0,
2020-05-01,53000,39000,,5_2024.csv,82000.0,
2020-05-01,58000,41000,58000.0,01_2023.csv,83000.0,
2020-05-01,57000,38000,78000.0,10_2021.csv,,
2020-05-01,56000,42000,,06_2023.csv,85000.0,
2020-05-01,57000,40000,56000.0,11_2021.csv,,
2020-05-01,60000,43000,55000.0,02_2022.csv,,
2020-05-01,55000,40000,,04_2023.csv,84000.0,
2020-05-01,58000,40000,57000.0,09_2022.csv,79000.0,
2020-05-01,63000,42000,60000.0,02_2023.csv,85000.0,
2020-05-01,58000,40000,,7_2024.csv,78000.0,
2020-05-01,54000,42000,,4_2024.csv,60000.0,
2020-05-01,55000,40000,55000.0,01_2021.csv,,
2020-05-01,52000,39000,,3_2024.csv,73000.0,
2020-05-01,52000,38000,,2_2024.csv,75000.0,
2020-05-01,58000,38000,56000.0,09_2021.csv,,
2020-05-01,55000,40000,,05_2023.csv,75000.0,
2020-05-01,61000,39000,62000.0,05_2022.csv,84000.0,
2020-05-01,55000,38000,54000.0,05_2021.csv,,
2020-05-01,53000,44000,82000.0,09_2020.csv,,
2020-05-01,52000,38000,75000.0,11_2020.csv,,
2020-05-01,58000,39000,58000.0,11_2022.csv,94000.0,
2020-05-01,60000,38000,76000.0,12_2021.csv,,
2020-05-01,64000,42000,62000.0,12_2020.csv,,
2020-05-01,53000,40000,,6_2024.csv,76000.0,
2020-05-01,57000,38000,61000.0,06_2021.csv,,
2020-05-01,56000,43000,54000.0,01_2022.csv,,
2020-05-01,55000,40000,,09_2023.csv,80000.0,
2020-05-01,60000,40000,59000.0,04_2022.csv,81000.0,
2020-05-01,52000,44000,58000.0,06_2020.csv,,
2020-06-01,52000,38000,55000.0,02_2021.csv,,
2020-06-01,52000,41000,53000.0,01_2021.csv,,
2020-06-01,55000,39000,55000.0,03_2021.csv,,
2020-06-01,58000,39000,57000.0,04_2022.csv,78000.0,
2020-06-01,59000,42000,59000.0,03_2022.csv,80000.0,
2020-06-01,60000,42000,54000.0,02_2022.csv,,
2020-07-01,52000,38000,,10_2023.csv,87000.0,
2020-07-01,53000,38000,,5_2024.csv,70000.0,
2020-07-01,52000,39000,54000.0,01_2022.csv,,
2020-07-01,51000,39000,,2_2024.csv,72000.0,
2020-07-01,55000,38000,55000.0,01_2023.csv,76000.0,
2020-07-01,50000,38000,,9_2024.csv,78000.0,
2020-07-01,54000,39000,56000.0,10_2022.csv,73000.0,
2020-07-01,53000,39000,,05_2023.csv,72000.0,
2020-07-01,52000,38000,,1_2024.csv,78000.0,
2020-07-01,57000,38000,58000.0,05_2022.csv,75000.0,
2020-07-01,53000,38000,54000.0,05_2021.csv,,
2020-07-01,52000,38000,,12_2023.csv,78000.0,
2020-07-01,51000,39000,,07_2023.csv,78000.0,
2020-07-01,54000,39000,,01_2025.csv,82000.0,
2020-07-01,56000,38000,55000.0,04_2022.csv,76000.0,
2020-07-01,55000,39000,,8_2024.csv,73000.0,
2020-07-01,50000,43000,52000.0,11_2020.csv,,
2020-07-01,52000,40000,,4_2024.csv,58000.0,
2020-07-01,52000,39000,,03_2023.csv,79000.0,
2020-07-01,54000,39000,53000.0,11_2021.csv,,
2020-07-01,52000,38000,,04_2023.csv,78000.0,
2020-07-01,51000,38000,,3_2024.csv,70000.0,
2020-07-01,55000,38000,75000.0,10_2021.csv,,
2020-07-01,55000,38000,55000.0,11_2022.csv,80000.0,
2020-07-01,52000,39000,58000.0,07_2021.csv,,
2020-07-01,51000,41000,54000.0,01_2021.csv,,
2020-07-01,57000,38000,53000.0,04_2021.csv,,
2020-07-01,59000,40000,61000.0,07_2022.csv,78000.0,
2020-07-01,53000,37000,58000.0,06_2021.csv,,
2020-07-01,55000,38000,,7_2024.csv,70000.0,
2020-07-01,54000,39000,,06_2023.csv,79000.0,
2020-07-01,55000,37000,74000.0,12_2021.csv,,
2020-07-01,50000,40000,,09_2023.csv,80000.0,
2020-07-01,60000,40000,54000.0,02_2022.csv,,
2020-07-01,58000,40000,56000.0,02_2023.csv,78000.0,
2020-07-01,54000,41000,,08_2023.csv,90000.0,
2020-07-01,53000,38000,70000.0,08_2020.csv,,
2020-07-01,54000,38000,54000.0,08_2021.csv,,
2020-07-01,52000,39000,55000.0,12_2020.csv,,
2020-07-01,55000,38000,55000.0,09_2022.csv,72000.0,
2020-07-01,51000,37000,54000.0,08_2022.csv,76000.0,
2020-07-01,52000,39000,53000.0,10_2020.csv,,
2020-07-01,52000,38000,55000.0,02_2021.csv,,
2020-07-01,57000,40000,57000.0,03_2022.csv,77000.0,
2020-07-01,53000,39000,,6_2024.csv,72000.0,
2020-07-01,54000,39000,54000.0,03_2021.csv,,
2020-07-01,51000,40000,84000.0,09_2020.csv,,
2020-07-01,58000,40000,57000.0,12_2022.csv,77000.0,
2020-07-01,53000,38000,55000.0,09_2021.csv,,
2020-08-01,60000,39000,54000.0,02_2022.csv,,
2020-08-01,53000,39000,54000.0,01_2021.csv,,
2020-08-01,55000,39000,55000.0,03_2022.csv,75000.0,
2020-08-01,53000,38000,55000.0,03_2021.csv,,
2020-08-01,55000,38000,54000.0,04_2022.csv,74000.0,
2020-08-01,54000,39000,55000.0,02_2021.csv,,
2020-09-01,55000,39000,55000.0,02_2021.csv,,
2020-09-01,50000,40000,,10_2023.csv,80000.0,
2020-09-01,52000,38000,,1_2024.csv,74000.0,
2020-09-01,54000,40000,,9_2024.csv,70000.0,
2020-09-01,53000,39000,51000.0,04_2021.csv,,
2020-09-01,51000,40000,,6_2024.csv,72000.0,
2020-09-01,53000,38000,56000.0,06_2021.csv,,
2020-09-01,54000,39000,54000.0,01_2023.csv,72000.0,
2020-09-01,52000,39000,,06_2023.csv,72000.0,
2020-09-01,55000,38000,54000.0,02_2023.csv,72000.0,
2020-09-01,50000,38000,,4_2024.csv,56000.0,
2020-09-01,54000,38000,56000.0,07_2021.csv,,
2020-09-01,53000,38000,53000.0,08_2021.csv,,
2020-09-01,53000,40000,,7_2024.csv,72000.0,
2020-09-01,54000,53000,53000.0,11_2020.csv,,
2020-09-01,54000,38000,53000.0,04_2022.csv,73000.0,
2020-09-01,52000,38000,55000.0,01_2022.csv,,
2020-09-01,56000,40000,55000.0,12_2022.csv,73000.0,
2020-09-01,52000,38000,,8_2024.csv,70000.0,
2020-09-01,53000,38000,73000.0,12_2021.csv,,
2020-09-01,52000,38000,,03_2023.csv,72000.0,
2020-09-01,53000,38000,55000.0,08_2022.csv,77000.0,
2020-09-01,50000,41000,,01_2025.csv,76000.0,
2020-09-01,50000,40000,,09_2023.csv,80000.0,
2020-09-01,59000,39000,53000.0,02_2022.csv,,
2020-09-01,51000,40000,53000.0,12_2020.csv,,
2020-09-01,52000,38000,52000.0,11_2021.csv,,
2020-09-01,53000,39000,53000.0,05_2021.csv,,
2020-09-01,54000,38000,54000.0,03_2022.csv,73000.0,
2020-09-01,53000,38000,74000.0,10_2021.csv,,
2020-09-01,54000,39000,55000.0,05_2022.csv,72000.0,
2020-09-01,59000,41000,76000.0,09_2020.csv,,
2020-09-01,50000,38000,,05_2023.csv,72000.0,
2020-09-01,50000,38000,,5_2024.csv,70000.0,
2020-09-01,56000,38000,58000.0,07_2022.csv,73000.0,
2020-09-01,52000,38000,54000.0,09_2021.csv,,
2020-09-01,54000,40000,54000.0,10_2020.csv,,
2020-09-01,52000,38000,,3_2024.csv,72000.0,
2020-09-01,53000,39000,54000.0,10_2022.csv,72000.0,
2020-09-01,55000,38000,55000.0,01_2021.csv,,
2020-09-01,52000,39000,53000.0,11_2022.csv,74000.0,
2020-09-01,51000,38000,,2_2024.csv,72000.0,
2020-09-01,63000,51000,,08_2023.csv,95000.0,
2020-09-01,51000,39000,,12_2023.csv,72000.0,
2020-09-01,53000,40000,54000.0,09_2022.csv,73000.0,
2020-09-01,54000,40000,,07_2023.csv,72000.0,
2020-09-01,51000,38000,53000.0,03_2021.csv,,
2020-09-01,51000,39000,,04_2023.csv,72000.0,
2020-10-01,53000,38000,52000.0,04_2022.csv,72000.0,
2020-10-01,54000,40000,54000.0,01_2021.csv,,
2020-10-01,53000,40000,57000.0,03_2021.csv,,
2020-10-01,54000,40000,54000.0,02_2021.csv,,
2020-10-01,58000,39000,53000.0,02_2022.csv,,
2020-10-01,53000,38000,53000.0,03_2022.csv,72000.0,
2020-11-01,53000,40000,54000.0,01_2021.csv,,
2020-11-01,52000,40000,72000.0,12_2021.csv,,
2020-11-01,52000,40000,52000.0,11_2021.csv,,
2020-11-01,50000,40000,,06_2023.csv,72000.0,
2020-11-01,57000,40000,52000.0,02_2022.csv,,
2020-11-01,63000,45000,73000.0,09_2020.csv,,
2020-11-01,55000,40000,55000.0,01_2023.csv,72000.0,
2020-11-01,52000,40000,53000.0,05_2021.csv,,
2020-11-01,54000,40000,55000.0,12_2020.csv,,
2020-11-01,71000,60000,,08_2023.csv,99000.0,
2020-11-01,50000,40000,,1_2024.csv,72000.0,
2020-11-01,54000,40000,54000.0,02_2023.csv,72000.0,
2020-11-01,51000,40000,53000.0,06_2021.csv,,
2020-11-01,52000,41000,55000.0,01_2022.csv,,
2020-11-01,51000,40000,,04_2023.csv,72000.0,
2020-11-01,54000,38000,54000.0,09_2022.csv,71000.0,
2020-11-01,50000,39000,,05_2023.csv,71000.0,
2020-11-01,50000,40000,,09_2023.csv,70000.0,
2020-11-01,52000,38000,,2_2024.csv,71000.0,
2020-11-01,53000,40000,54000.0,09_2021.csv,,
2020-11-01,50000,38000,,4_2024.csv,56000.0,
2020-11-01,53000,38000,52000.0,04_2022.csv,72000.0,
2020-11-01,50000,38000,,3_2024.csv,71000.0,
2020-11-01,51000,40000,,6_2024.csv,72000.0,
2020-11-01,53000,39000,54000.0,11_2022.csv,72000.0,
2020-11-01,52000,38000,54000.0,05_2022.csv,72000.0,
2020-11-01,50000,40000,,9_2024.csv,72000.0,
2020-11-01,53000,39000,53000.0,03_2022.csv,72000.0,
2020-11-01,52000,41000,,10_2023.csv,74000.0,
2020-11-01,54000,40000,54000.0,08_2021.csv,,
2020-11-01,51000,43000,53000.0,07_2021.csv,,
2020-11-01,53000,39000,53000.0,12_2022.csv,72000.0,
2020-11-01,52000,38000,54000.0,08_2022.csv,74000.0,
2020-11-01,50000,40000,,03_2023.csv,72000.0,
2020-11-01,51000,40000,,8_2024.csv,71000.0,
2020-11-01,55000,39000,57000.0,07_2022.csv,70000.0,
2020-11-01,51000,40000,,12_2023.csv,72000.0,
2020-11-01,54000,43000,56000.0,03_2021.csv,,
2020-11-01,52000,39000,,07_2023.csv,72000.0,
2020-11-01,52000,48000,,01_2025.csv,71000.0,
2020-11-01,52000,40000,54000.0,10_2022.csv,72000.0,
2020-11-01,54000,40000,54000.0,02_2021.csv,,
2020-11-01,52000,40000,,7_2024.csv,73000.0,
2020-11-01,52000,40000,72000.0,10_2021.csv,,
2020-11-01,51000,40000,,5_2024.csv,72000.0,
2020-11-01,52000,40000,55000.0,04_2021.csv,,
2020-12-01,55000,41000,55000.0,01_2021.csv,,
2020-12-01,52000,38000,51000.0,04_2022.csv,71000.0,
2020-12-01,53000,40000,53000.0,02_2021.csv,,
2020-12-01,53000,40000,53000.0,03_2022.csv,72000.0,
2020-12-01,54000,43000,55000.0,03_2021.csv,,
2020-12-01,56000,38000,50000.0,02_2022.csv,,
2021-01-01,55000,40000,57000.0,07_2022.csv,74000.0,
2021-01-01,58000,39000,76000.0,09_2020.csv,,
2021-01-01,72000,55000,72000.0,05_2021.csv,,
2021-01-01,72000,50000,71000.0,09_2021.csv,,
2021-01-01,72000,50000,71000.0,11_2021.csv,,
2021-01-01,72000,52000,72000.0,03_2022.csv,92000.0,
2021-01-01,64000,44000,,4_2024.csv,90000.0,
2021-01-01,74000,52000,72000.0,04_2022.csv,94000.0,
2021-01-01,64000,49000,,10_2023.csv,93000.0,
2021-01-01,71000,60000,71000.0,07_2021.csv,,
2021-01-01,72000,53000,67000.0,09_2022.csv,94000.0,
2021-01-01,69000,50000,,12_2023.csv,92000.0,
2021-01-01,64000,51000,,04_2023.csv,93000.0,
2021-01-01,64000,47000,,3_2024.csv,89000.0,
2021-01-01,70000,50000,72000.0,10_2021.csv,,
2021-01-01,72000,52000,71000.0,05_2022.csv,94000.0,
2021-01-01,67000,48000,,5_2024.csv,90000.0,
2021-01-01,63000,48000,,07_2023.csv,74000.0,
2021-01-01,72000,52000,72000.0,08_2021.csv,,
2021-01-01,71000,51000,71000.0,10_2022.csv,94000.0,
2021-01-01,63000,50000,,05_2023.csv,90000.0,
2021-01-01,64000,48000,,2_2024.csv,91000.0,
2021-01-01,72000,55000,93000.0,03_2021.csv,,
2021-01-01,66000,50000,60000.0,02_2022.csv,,
2021-01-01,67000,50000,67000.0,12_2022.csv,89000.0,
2021-01-01,72000,53000,72000.0,11_2022.csv,93000.0,
2021-01-01,72000,56000,93000.0,04_2021.csv,,
2021-01-01,64000,48000,,1_2024.csv,92000.0,
2021-01-01,54000,40000,53000.0,02_2021.csv,,
2021-01-01,65000,48000,,7_2024.csv,92000.0,
2021-01-01,72000,52000,72000.0,01_2022.csv,,
2021-01-01,72000,50000,,8_2024.csv,92000.0,
2021-01-01,63000,51000,,06_2023.csv,89000.0,
2021-01-01,65000,50000,,09_2023.csv,90000.0,
2021-01-01,64000,53000,68000.0,08_2022.csv,93000.0,
2021-01-01,65000,50000,93000.0,12_2021.csv,,
2021-01-01,62000,44000,,9_2024.csv,92000.0,
2021-01-01,63000,47000,,6_2024.csv,89000.0,
2021-01-01,72000,50000,69000.0,01_2023.csv,94000.0,
2021-01-01,72000,53000,72000.0,06_2021.csv,,
2021-01-01,50000,38000,,08_2023.csv,72000.0,
2021-01-01,65000,45000,64000.0,02_2023.csv,93000.0,
2021-01-01,64000,50000,,01_2025.csv,89000.0,
2021-01-01,69000,53000,,03_2023.csv,89000.0,
2021-02-01,72000,51000,72000.0,03_2022.csv,92000.0,
2021-02-01,72000,52000,69000.0,02_2022.csv,,
2021-02-01,73000,52000,72000.0,04_2022.csv,94000.0,
2021-02-01,71000,53000,92000.0,03_2021.csv,,
2021-03-01,71000,54000,,06_2023.csv,94000.0,
2021-03-01,74000,51000,,03_2023.csv,93000.0,
2021-03-01,70000,51000,72000.0,09_2021.csv,,
2021-03-01,74000,53000,73000.0,12_2022.csv,95000.0,
2021-03-01,70000,53000,,5_2024.csv,95000.0,
2021-03-01,70000,55000,,05_2023.csv,97000.0,
2021-03-01,72000,48000,,1_2024.csv,94000.0,
2021-03-01,70000,46000,,4_2024.csv,84000.0,
2021-03-01,70000,50000,90000.0,10_2021.csv,,
2021-03-01,74000,50000,72000.0,05_2022.csv,94000.0,
2021-03-01,75000,58000,93000.0,12_2021.csv,,
2021-03-01,65000,57000,71000.0,08_2022.csv,97000.0,
2021-03-01,52000,44000,70000.0,09_2020.csv,,
2021-03-01,72000,54000,73000.0,05_2021.csv,,
2021-03-01,74000,52000,73000.0,03_2022.csv,95000.0,
2021-03-01,75000,52000,74000.0,01_2023.csv,99000.0,
2021-03-01,64000,52000,,08_2023.csv,89000.0,
2021-03-01,66000,50000,,2_2024.csv,88000.0,
2021-03-01,76000,53000,74000.0,02_2022.csv,,
2021-03-01,72000,52000,,7_2024.csv,95000.0,
2021-03-01,72000,52000,72000.0,06_2021.csv,,
2021-03-01,75000,55000,74000.0,04_2022.csv,97000.0,
2021-03-01,70000,50000,71000.0,08_2021.csv,,
2021-03-01,67000,50000,66000.0,02_2023.csv,95000.0,
2021-03-01,70000,53000,,6_2024.csv,95000.0,
2021-03-01,71000,51000,72000.0,07_2021.csv,,
2021-03-01,72000,58000,,10_2023.csv,88000.0,
2021-03-01,71000,52000,89000.0,04_2021.csv,,
2021-03-01,65000,50000,,09_2023.csv,90000.0,
2021-03-01,72000,50000,73000.0,07_2022.csv,93000.0,
2021-03-01,72000,52000,71000.0,11_2021.csv,,
2021-03-01,74000,57000,71000.0,09_2022.csv,99000.0,
2021-03-01,76000,53000,,8_2024.csv,98000.0,
2021-03-01,72000,54000,72000.0,10_2022.csv,90000.0,
2021-03-01,72000,52000,,01_2025.csv,94000.0,
2021-03-01,73000,52000,,07_2023.csv,88000.0,
2021-03-01,64000,52000,,04_2023.csv,88000.0,
2021-03-01,71000,53000,73000.0,11_2022.csv,86000.0,
2021-03-01,66000,50000,,9_2024.csv,98000.0,
2021-03-01,67000,50000,,3_2024.csv,84000.0,
2021-03-01,73000,55000,,12_2023.csv,86000.0,
2021-03-01,76000,58000,73000.0,01_2022.csv,,
2021-04-01,76000,54000,75000.0,03_2022.csv,98000.0,
2021-04-01,78000,55000,75000.0,02_2022.csv,,
2021-04-01,77000,58000,76000.0,04_2022.csv,98000.0,
2021-05-01,75000,55000,,7_2024.csv,98000.0,
2021-05-01,76000,59000,,6_2024.csv,100000.0,
2021-05-01,72000,50000,,4_2024.csv,86000.0,
2021-05-01,78000,56000,,8_2024.csv,99000.0,
2021-05-01,75000,58000,101000.0,12_2021.csv,,
2021-05-01,77000,55000,77000.0,12_2022.csv,97000.0,
2021-05-01,75000,55000,,3_2024.csv,94000.0,
2021-05-01,72000,56000,,2_2024.csv,93000.0,
2021-05-01,76000,54000,,1_2024.csv,86000.0,
2021-05-01,77000,60000,,12_2023.csv,85000.0,
2021-05-01,74000,58000,,9_2024.csv,102000.0,
2021-05-01,75000,60000,,5_2024.csv,98000.0,
2021-05-01,79000,61000,79000.0,07_2021.csv,,
2021-05-01,74000,61000,,08_2023.csv,97000.0,
2021-05-01,73000,58000,93000.0,09_2021.csv,,
2021-05-01,79000,60000,,05_2023.csv,102000.0,
2021-05-01,80000,60000,,03_2023.csv,102000.0,
2021-05-01,77000,56000,76000.0,03_2022.csv,100000.0,
2021-05-01,73000,54000,70000.0,02_2023.csv,100000.0,
2021-05-01,51000,39000,74000.0,09_2020.csv,,
2021-05-01,77000,62000,99000.0,01_2022.csv,,
2021-05-01,70000,58000,,04_2023.csv,84000.0,
2021-05-01,75000,57000,,01_2025.csv,92000.0,
2021-05-01,70000,60000,74000.0,08_2022.csv,99000.0,
2021-05-01,74000,55000,75000.0,07_2022.csv,96000.0,
2021-05-01,76000,62000,,10_2023.csv,93000.0,
2021-05-01,73000,56000,74000.0,08_2021.csv,,
2021-05-01,78000,60000,75000.0,06_2021.csv,,
2021-05-01,71000,51000,72000.0,11_2021.csv,,
2021-05-01,75000,58000,93000.0,10_2021.csv,,
2021-05-01,70000,55000,,09_2023.csv,95000.0,
2021-05-01,76000,57000,77000.0,11_2022.csv,86000.0,
2021-05-01,77000,54000,76000.0,05_2022.csv,102000.0,
2021-05-01,73000,51000,,07_2023.csv,93000.0,
2021-05-01,80000,58000,79000.0,01_2023.csv,101000.0,
2021-05-01,79000,61000,78000.0,04_2022.csv,100000.0,
2021-05-01,75000,53000,,06_2023.csv,92000.0,
2021-05-01,78000,56000,76000.0,02_2022.csv,,
2021-05-01,77000,58000,78000.0,10_2022.csv,101000.0,
2021-05-01,77000,60000,74000.0,09_2022.csv,102000.0,
2021-06-01,78000,59000,78000.0,03_2022.csv,102000.0,
2021-06-01,81000,64000,80000.0,04_2022.csv,102000.0,
2021-06-01,79000,58000,77000.0,02_2022.csv,,
2021-07-01,82000,64000,,01_2025.csv,98000.0,
2021-07-01,75000,60000,,09_2023.csv,100000.0,
2021-07-01,79000,64000,104000.0,12_2021.csv,,
2021-07-01,81000,62000,79000.0,02_2022.csv,,
2021-07-01,80000,65000,,5_2024.csv,102000.0,
2021-07-01,83000,67000,102000.0,09_2021.csv,,
2021-07-01,55000,40000,75000.0,09_2020.csv,,
2021-07-01,81000,60000,81000.0,05_2022.csv,105000.0,
2021-07-01,80000,62000,81000.0,07_2022.csv,102000.0,
2021-07-01,78000,63000,,3_2024.csv,98000.0,
2021-07-01,80000,60000,79000.0,08_2021.csv,,
2021-07-01,78000,60000,,7_2024.csv,100000.0,
2021-07-01,75000,65000,79000.0,08_2022.csv,104000.0,
2021-07-01,82000,61000,,8_2024.csv,102000.0,
2021-07-01,83000,70000,,03_2023.csv,102000.0,
2021-07-01,80000,63000,76000.0,09_2022.csv,101000.0,
2021-07-01,83000,63000,82000.0,12_2022.csv,104000.0,
2021-07-01,77000,61000,,2_2024.csv,95000.0,
2021-07-01,78000,56000,,4_2024.csv,92000.0,
2021-07-01,81000,67000,84000.0,11_2022.csv,94000.0,
2021-07-01,77000,55000,,07_2023.csv,95000.0,
2021-07-01,80000,63000,81000.0,11_2021.csv,,
2021-07-01,82000,66000,81000.0,04_2022.csv,103000.0,
2021-07-01,83000,65000,,6_2024.csv,105000.0,
2021-07-01,81000,65000,,12_2023.csv,90000.0,
2021-07-01,82000,62000,,9_2024.csv,102000.0,
2021-07-01,80000,62000,79000.0,03_2022.csv,104000.0,
2021-07-01,81000,69000,,10_2023.csv,100000.0,
2021-07-01,81000,69000,102000.0,01_2022.csv,,
2021-07-01,84000,65000,86000.0,01_2023.csv,107000.0,
2021-07-01,78000,56000,,1_2024.csv,80000.0,
2021-07-01,78000,65000,,04_2023.csv,93000.0,
2021-07-01,79000,60000,,06_2023.csv,97000.0,
2021-07-01,77000,60000,74000.0,02_2023.csv,105000.0,
2021-07-01,84000,65000,,05_2023.csv,100000.0,
2021-07-01,80000,64000,81000.0,10_2022.csv,103000.0,
2021-07-01,80000,67000,,08_2023.csv,103000.0,
2021-07-01,78000,60000,100000.0,10_2021.csv,,
2021-08-01,82000,65000,81000.0,03_2022.csv,105000.0,
2021-08-01,83000,68000,82000.0,04_2022.csv,104000.0,
2021-08-01,83000,65000,82000.0,02_2022.csv,,
2021-09-01,85000,65000,86000.0,05_2022.csv,110000.0,
2021-09-01,90000,70000,,05_2023.csv,104000.0,
2021-09-01,85000,72000,,5_2024.csv,108000.0,
2021-09-01,81000,73000,85000.0,08_2022.csv,111000.0,
2021-09-01,85000,68000,,7_2024.csv,110000.0,
2021-09-01,88000,68000,,2_2024.csv,100000.0,
2021-09-01,90000,73000,88000.0,12_2022.csv,114000.0,
2021-09-01,84000,70000,,01_2025.csv,100000.0,
2021-09-01,83000,66000,,07_2023.csv,103000.0,
2021-09-01,88000,72000,,12_2023.csv,95000.0,
2021-09-01,86000,72000,102000.0,12_2021.csv,,
2021-09-01,88000,76000,,08_2023.csv,111000.0,
2021-09-01,86000,64000,,4_2024.csv,102000.0,
2021-09-01,90000,71000,,6_2024.csv,115000.0,
2021-09-01,87000,72000,89000.0,11_2022.csv,105000.0,
2021-09-01,89000,73000,88000.0,11_2021.csv,,
2021-09-01,84000,70000,83000.0,04_2022.csv,105000.0,
2021-09-01,88000,66000,,9_2024.csv,108000.0,
2021-09-01,86000,64000,,1_2024.csv,82000.0,
2021-09-01,87000,73000,,10_2023.csv,106000.0,
2021-09-01,88000,74000,106000.0,01_2022.csv,,
2021-09-01,86000,70000,87000.0,10_2022.csv,110000.0,
2021-09-01,85000,70000,103000.0,10_2021.csv,,
2021-09-01,87000,68000,,8_2024.csv,107000.0,
2021-09-01,90000,70000,92000.0,01_2023.csv,113000.0,
2021-09-01,82000,68000,,06_2023.csv,103000.0,
2021-09-01,85000,70000,87000.0,07_2022.csv,107000.0,
2021-09-01,84000,68000,83000.0,03_2022.csv,106000.0,
2021-09-01,82000,65000,78000.0,02_2023.csv,110000.0,
2021-09-01,87000,76000,,03_2023.csv,106000.0,
2021-09-01,85000,70000,,09_2023.csv,110000.0,
2021-09-01,85000,68000,85000.0,02_2022.csv,,
2021-09-01,83000,70000,,3_2024.csv,102000.0,
2021-09-01,86000,71000,,04_2023.csv,108000.0,
2021-09-01,86000,69000,81000.0,09_2022.csv,107000.0,
2021-10-01,86000,71000,85000.0,03_2022.csv,108000.0,
2021-10-01,88000,71000,88000.0,02_2022.csv,,
2021-10-01,86000,72000,85000.0,04_2022.csv,107000.0,
2021-11-01,90000,75000,,7_2024.csv,120000.0,
2021-11-01,90000,78000,,06_2023.csv,118000.0,
2021-11-01,92000,74000,92000.0,02_2022.csv,,
2021-11-01,88000,72000,86000.0,02_2023.csv,120000.0,
2021-11-01,96000,72000,,4_2024.csv,116000.0,
2021-11-01,95000,78000,,05_2023.csv,113000.0,
2021-11-01,95000,78000,,12_2023.csv,102000.0,
2021-11-01,96000,76000,,1_2024.csv,92000.0,
2021-11-01,89000,75000,,3_2024.csv,108000.0,
2021-11-01,92000,74000,,07_2023.csv,113000.0,
2021-11-01,95000,78000,,03_2023.csv,110000.0,
2021-11-01,95000,80000,,09_2023.csv,120000.0,
2021-11-01,97000,77000,97000.0,10_2022.csv,120000.0,
2021-11-01,98000,77000,92000.0,09_2022.csv,120000.0,
2021-11-01,95000,77000,,04_2023.csv,120000.0,
2021-11-01,90000,75000,92000.0,07_2022.csv,112000.0,
2021-11-01,89000,74000,88000.0,03_2022.csv,110000.0,
2021-11-01,93000,73000,,8_2024.csv,112000.0,
2021-11-01,95000,83000,,08_2023.csv,120000.0,
2021-11-01,98000,78000,122000.0,01_2022.csv,,
2021-11-01,93000,78000,120000.0,12_2021.csv,,
2021-11-01,95000,76000,,6_2024.csv,120000.0,
2021-11-01,94000,76000,92000.0,12_2022.csv,119000.0,
2021-11-01,92000,70000,93000.0,05_2022.csv,118000.0,
2021-11-01,95000,80000,,10_2023.csv,113000.0,
2021-11-01,89000,74000,87000.0,04_2022.csv,110000.0,
2021-11-01,92000,77000,,01_2025.csv,107000.0,
2021-11-01,90000,76000,,5_2024.csv,115000.0,
2021-11-01,92000,72000,,9_2024.csv,116000.0,
2021-11-01,96000,77000,97000.0,11_2022.csv,110000.0,
2021-11-01,95000,73000,,2_2024.csv,110000.0,
2021-11-01,89000,81000,94000.0,08_2022.csv,118000.0,
2021-11-01,95000,77000,99000.0,01_2023.csv,120000.0,
2021-12-01,92000,76000,90000.0,04_2022.csv,113000.0,
2021-12-01,96000,81000,95000.0,03_2022.csv,118000.0,
2021-12-01,96000,77000,96000.0,02_2022.csv,,
2022-01-01,108000,96000,106000.0,04_2022.csv,125000.0,
2022-01-01,98000,77000,,04_2023.csv,124000.0,
2022-01-01,123000,110000,,3_2024.csv,142000.0,
2022-01-01,132000,111000,132000.0,03_2022.csv,155000.0,
2022-01-01,92000,75000,92000.0,02_2023.csv,120000.0,
2022-01-01,123000,110000,,05_2023.csv,133000.0,
2022-01-01,99000,77000,99000.0,05_2022.csv,124000.0,
2022-01-01,97000,88000,,5_2024.csv,125000.0,
2022-01-01,100000,77000,,2_2024.csv,120000.0,
2022-01-01,98000,77000,,03_2023.csv,120000.0,
2022-01-01,115000,95000,,6_2024.csv,125000.0,
2022-01-01,125000,110000,,12_2023.csv,125000.0,
2022-01-01,106000,80000,,4_2024.csv,124000.0,
2022-01-01,100000,90000,,09_2023.csv,120000.0,
2022-01-01,97000,77000,97000.0,07_2022.csv,122000.0,
2022-01-01,110000,95000,,01_2025.csv,119000.0,
2022-01-01,127000,105000,125000.0,01_2023.csv,122000.0,
2022-01-01,126000,106000,125000.0,10_2022.csv,120000.0,
2022-01-01,105000,94000,,8_2024.csv,124000.0,
2022-01-01,98000,77000,,07_2023.csv,120000.0,
2022-01-01,102000,88000,,10_2023.csv,121000.0,
2022-01-01,66000,53000,,08_2023.csv,89000.0,
2022-01-01,125000,108000,127000.0,09_2022.csv,132000.0,
2022-01-01,98000,79000,120000.0,02_2022.csv,,
2022-01-01,124000,106000,,9_2024.csv,140000.0,
2022-01-01,125000,110000,127000.0,11_2022.csv,127000.0,
2022-01-01,98000,85000,,06_2023.csv,120000.0,
2022-01-01,104000,80000,,1_2024.csv,120000.0,
2022-01-01,94000,91000,98000.0,08_2022.csv,122000.0,
2022-01-01,101000,76000,97000.0,12_2022.csv,124000.0,
2022-01-01,105000,90000,,7_2024.csv,130000.0,
2022-02-01,133000,112000,133000.0,03_2022.csv,156000.0,
2022-02-01,138000,115000,135000.0,04_2022.csv,155000.0,
2022-03-01,135000,115000,,6_2024.csv,145000.0,
2022-03-01,130000,110000,128000.0,08_2022.csv,150000.0,
2022-03-01,138000,115000,,8_2024.csv,150000.0,
2022-03-01,138000,115000,,04_2023.csv,154000.0,
2022-03-01,140000,115000,138000.0,01_2023.csv,153000.0,
2022-03-01,140000,115000,,3_2024.csv,167000.0,
2022-03-01,135000,110000,,09_2023.csv,150000.0,
2022-03-01,137000,114000,,03_2023.csv,150000.0,
2022-03-01,138000,114000,138000.0,10_2022.csv,165000.0,
2022-03-01,139000,116000,136000.0,04_2022.csv,162000.0,
2022-03-01,140000,115000,,10_2023.csv,152000.0,
2022-03-01,138000,116000,,9_2024.csv,166000.0,
2022-03-01,142000,114000,,4_2024.csv,168000.0,
2022-03-01,135000,115000,140000.0,11_2022.csv,167000.0,
2022-03-01,137000,116000,138000.0,09_2022.csv,158000.0,
2022-03-01,140000,112000,128000.0,12_2022.csv,154000.0,
2022-03-01,128000,113000,,08_2023.csv,142000.0,
2022-03-01,135000,114000,,01_2025.csv,153000.0,
2022-03-01,138000,112000,,1_2024.csv,154000.0,
2022-03-01,113000,100000,,06_2023.csv,131000.0,
2022-03-01,130000,112000,128000.0,02_2023.csv,150000.0,
2022-03-01,140000,115000,,05_2023.csv,155000.0,
2022-03-01,125000,115000,,7_2024.csv,150000.0,
2022-03-01,139000,116000,134000.0,05_2022.csv,164000.0,
2022-03-01,138000,115000,138000.0,07_2022.csv,144000.0,
2022-03-01,125000,109000,,07_2023.csv,128000.0,
2022-03-01,135000,115000,,2_2024.csv,155000.0,
2022-03-01,140000,115000,,12_2023.csv,150000.0,
2022-03-01,125000,112000,,5_2024.csv,140000.0,
2022-05-01,141000,112000,,8_2024.csv,167000.0,
2022-05-01,140000,115000,135000.0,11_2022.csv,155000.0,
2022-05-01,144000,116000,,1_2024.csv,166000.0,
2022-05-01,136000,112000,,4_2024.csv,156000.0,
2022-05-01,140000,117000,,5_2024.csv,166000.0,
2022-05-01,142000,114000,,9_2024.csv,160000.0,
2022-05-01,134000,113000,,06_2023.csv,153000.0,
2022-05-01,142000,118000,,10_2023.csv,167000.0,
2022-05-01,140000,115000,140000.0,08_2022.csv,165000.0,
2022-05-01,140000,115000,138000.0,02_2023.csv,165000.0,
2022-05-01,142000,115000,132000.0,10_2022.csv,150000.0,
2022-05-01,142000,113000,,05_2023.csv,162000.0,
2022-05-01,143000,116000,,01_2025.csv,166000.0,
2022-05-01,136000,114000,,07_2023.csv,149000.0,
2022-05-01,141000,116000,,03_2023.csv,167000.0,
2022-05-01,142000,118000,,6_2024.csv,165000.0,
2022-05-01,142000,114000,,12_2023.csv,165000.0,
2022-05-01,137000,115000,140000.0,12_2022.csv,166000.0,
2022-05-01,145000,115000,,09_2023.csv,165000.0,
2022-05-01,140000,116000,,08_2023.csv,167000.0,
2022-05-01,142000,118000,,2_2024.csv,165000.0,
2022-05-01,125000,110000,122000.0,07_2022.csv,148000.0,
2022-05-01,142000,112000,,3_2024.csv,157000.0,
2022-05-01,140000,115000,,7_2024.csv,165000.0,
2022-05-01,142000,112000,,04_2023.csv,166000.0,
2022-05-01,139000,115000,138000.0,01_2023.csv,165000.0,
2022-05-01,142000,112000,128000.0,09_2022.csv,148000.0,
2022-07-01,124000,108000,,03_2023.csv,155000.0,
2022-07-01,138000,115000,,8_2024.csv,155000.0,
2022-07-01,129000,105000,126000.0,01_2023.csv,155000.0,
2022-07-01,138000,115000,,6_2024.csv,155000.0,
2022-07-01,145000,110000,,7_2024.csv,155000.0,
2022-07-01,131000,107000,,01_2025.csv,152000.0,
2022-07-01,140000,105000,128000.0,02_2023.csv,155000.0,
2022-07-01,137000,115000,,5_2024.csv,155000.0,
2022-07-01,138000,110000,,9_2024.csv,148000.0,
2022-07-01,124000,106000,,4_2024.csv,146000.0,
2022-07-01,115000,95000,120000.0,11_2022.csv,140000.0,
2022-07-01,143000,115000,,06_2023.csv,167000.0,
2022-07-01,135000,112000,,12_2023.csv,155000.0,
2022-07-01,124000,103000,,04_2023.csv,150000.0,
2022-07-01,135000,105000,,3_2024.csv,148000.0,
2022-07-01,131000,112000,,10_2023.csv,158000.0,
2022-07-01,138000,114000,,2_2024.csv,155000.0,
2022-07-01,140000,114000,,07_2023.csv,166000.0,
2022-07-01,135000,108000,,05_2023.csv,145000.0,
2022-07-01,140000,115000,,09_2023.csv,155000.0,
2022-07-01,114000,95000,118000.0,09_2022.csv,140000.0,
2022-07-01,138000,113000,,08_2023.csv,151000.0,
2022-07-01,129000,112000,130000.0,12_2022.csv,154000.0,
2022-07-01,138000,114000,,1_2024.csv,150000.0,
2022-07-01,113000,98000,120000.0,08_2022.csv,145000.0,
2022-07-01,126000,102000,120000.0,10_2022.csv,140000.0,
2022-09-01,134000,110000,,1_2024.csv,144000.0,
2022-09-01,128000,110000,,6_2024.csv,145000.0,
2022-09-01,130000,105000,,09_2023.csv,140000.0,
2022-09-01,125000,110000,,5_2024.csv,145000.0,
2022-09-01,125000,102000,,05_2023.csv,140000.0,
2022-09-01,113000,90000,112000.0,10_2022.csv,135000.0,
2022-09-01,115000,95000,114000.0,01_2023.csv,140000.0,
2022-09-01,130000,108000,,2_2024.csv,145000.0,
2022-09-01,129000,105000,,06_2023.csv,151000.0,
2022-09-01,120000,95000,115000.0,02_2023.csv,140000.0,
2022-09-01,123000,107000,,10_2023.csv,148000.0,
2022-09-01,120000,105000,,7_2024.csv,135000.0,
2022-09-01,128000,108000,,12_2023.csv,145000.0,
2022-09-01,144000,106000,,07_2023.csv,152000.0,
2022-09-01,116000,99000,,03_2023.csv,143000.0,
2022-09-01,128000,104000,,08_2023.csv,145000.0,
2022-09-01,122000,102000,,4_2024.csv,144000.0,
2022-09-01,115000,95000,,04_2023.csv,141000.0,
2022-09-01,103000,85000,105000.0,11_2022.csv,122000.0,
2022-09-01,126000,98000,,3_2024.csv,142000.0,
2022-09-01,130000,104000,,9_2024.csv,140000.0,
2022-09-01,115000,98000,,01_2025.csv,140000.0,
2022-09-01,130000,108000,,8_2024.csv,145000.0,
2022-09-01,114000,93000,117000.0,12_2022.csv,140000.0,
2022-11-01,122000,98000,,9_2024.csv,132000.0,
2022-11-01,115000,95000,,05_2023.csv,133000.0,
2022-11-01,116000,98000,,4_2024.csv,136000.0,
2022-11-01,115000,96000,,06_2023.csv,140000.0,
2022-11-01,110000,95000,,09_2023.csv,130000.0,
2022-11-01,128000,108000,,1_2024.csv,136000.0,
2022-11-01,115000,92000,,08_2023.csv,134000.0,
2022-11-01,103000,79000,100000.0,12_2022.csv,117000.0,
2022-11-01,110000,80000,105000.0,02_2023.csv,120000.0,
2022-11-01,118000,105000,,6_2024.csv,138000.0,
2022-11-01,120000,97000,,2_2024.csv,130000.0,
2022-11-01,105000,87000,,01_2025.csv,127000.0,
2022-11-01,115000,100000,,7_2024.csv,130000.0,
2022-11-01,118000,93000,,3_2024.csv,139000.0,
2022-11-01,117000,103000,,10_2023.csv,142000.0,
2022-11-01,118000,98000,,8_2024.csv,130000.0,
2022-11-01,108000,87000,,03_2023.csv,125000.0,
2022-11-01,98000,75000,97000.0,01_2023.csv,112000.0,
2022-11-01,136000,98000,,07_2023.csv,140000.0,
2022-11-01,110000,89000,,04_2023.csv,135000.0,
2022-11-01,118000,100000,,12_2023.csv,138000.0,
2022-11-01,118000,108000,,5_2024.csv,138000.0,
2023-01-01,106000,89000,,8_2024.csv,119000.0,
2023-01-01,116000,87000,,07_2023.csv,128000.0,
2023-01-01,107000,85000,,12_2023.csv,132000.0,
2023-01-01,106000,84000,,06_2023.csv,133000.0,
2023-01-01,94000,75000,,01_2025.csv,116000.0,
2023-01-01,100000,80000,,09_2023.csv,115000.0,
2023-01-01,95000,85000,,7_2024.csv,115000.0,
2023-01-01,103000,82000,,03_2023.csv,132000.0,
2023-01-01,102000,84000,,10_2023.csv,132000.0,
2023-01-01,110000,92000,,4_2024.csv,130000.0,
2023-01-01,106000,82000,,9_2024.csv,120000.0,
2023-01-01,104000,83000,,3_2024.csv,132000.0,
2023-01-01,104000,79000,,04_2023.csv,122000.0,
2023-01-01,109000,95000,,6_2024.csv,132000.0,
2023-01-01,105000,95000,,5_2024.csv,132000.0,
2023-01-01,105000,75000,,2_2024.csv,118000.0,
2023-01-01,105000,78000,96000.0,02_2023.csv,130000.0,
2023-01-01,105000,83000,,05_2023.csv,132000.0,
2023-01-01,94000,75000,,08_2023.csv,103000.0,
2023-01-01,110000,94000,,1_2024.csv,130000.0,
2023-03-01,94000,79000,,06_2023.csv,111000.0,
2023-03-01,104000,86000,,4_2024.csv,118000.0,
2023-03-01,108000,87000,,07_2023.csv,132000.0,
2023-03-01,102000,78000,,9_2024.csv,116000.0,
2023-03-01,104000,77000,,3_2024.csv,113000.0,
2023-03-01,85000,67000,,01_2025.csv,106000.0,
2023-03-01,87000,69000,,08_2023.csv,118000.0,
2023-03-01,90000,70000,,09_2023.csv,115000.0,
2023-03-01,90000,70000,,04_2023.csv,110000.0,
2023-03-01,103000,84000,,8_2024.csv,115000.0,
2023-03-01,85000,68000,,05_2023.csv,112000.0,
2023-03-01,88000,78000,,7_2024.csv,110000.0,
2023-03-01,94000,76000,,10_2023.csv,115000.0,
2023-03-01,102000,70000,,2_2024.csv,112000.0,
2023-03-01,90000,78000,,6_2024.csv,115000.0,
2023-03-01,103000,85000,,5_2024.csv,118000.0,
2023-03-01,103000,80000,,12_2023.csv,115000.0,
2023-03-01,104000,88000,,1_2024.csv,112000.0,
2023-05-01,96000,72000,,9_2024.csv,116000.0,
2023-05-01,87000,75000,,6_2024.csv,112000.0,
2023-05-01,83000,69000,,06_2023.csv,114000.0,
2023-05-01,77000,64000,,07_2023.csv,111000.0,
2023-05-01,98000,80000,,4_2024.csv,110000.0,
2023-05-01,96000,72000,,3_2024.csv,115000.0,
2023-05-01,80000,65000,,09_2023.csv,110000.0,
2023-05-01,98000,70000,,1_2024.csv,114000.0,
2023-05-01,82000,62000,,01_2025.csv,99000.0,
2023-05-01,92000,77000,,8_2024.csv,120000.0,
2023-05-01,81000,63000,,08_2023.csv,111000.0,
2023-05-01,95000,68000,,2_2024.csv,115000.0,
2023-05-01,98000,73000,,12_2023.csv,112000.0,
2023-05-01,89000,71000,,10_2023.csv,112000.0,
2023-05-01,85000,73000,,7_2024.csv,115000.0,
2023-05-01,95000,78000,,5_2024.csv,112000.0,
2023-07-01,88000,72000,,5_2024.csv,108000.0,
2023-07-01,92000,64000,,2_2024.csv,114000.0,
2023-07-01,70000,60000,,09_2023.csv,90000.0,
2023-07-01,94000,76000,,4_2024.csv,104000.0,
2023-07-01,92000,66000,,1_2024.csv,110000.0,
2023-07-01,90000,73000,,8_2024.csv,115000.0,
2023-07-01,86000,68000,,10_2023.csv,114000.0,
2023-07-01,88000,67000,,3_2024.csv,113000.0,
2023-07-01,77000,60000,,08_2023.csv,95000.0,
2023-07-01,88000,67000,,12_2023.csv,108000.0,
2023-07-01,80000,68000,,7_2024.csv,110000.0,
2023-07-01,76000,57000,,01_2025.csv,96000.0,
2023-07-01,90000,68000,,9_2024.csv,110000.0,
2023-07-01,83000,71000,,6_2024.csv,108000.0,
2023-09-01,84000,66000,,8_2024.csv,102000.0,
2023-09-01,78000,64000,,10_2023.csv,106000.0,
2023-09-01,84000,62000,,9_2024.csv,112000.0,
2023-09-01,78000,58000,,1_2024.csv,102000.0,
2023-09-01,92000,74000,,4_2024.csv,102000.0,
2023-09-01,71000,52000,,01_2025.csv,90000.0,
2023-09-01,75000,63000,,7_2024.csv,100000.0,
2023-09-01,80000,60000,,12_2023.csv,98000.0,
2023-09-01,85000,63000,,3_2024.csv,109000.0,
2023-09-01,78000,65000,,5_2024.csv,98000.0,
2023-09-01,75000,65000,,6_2024.csv,98000.0,
2023-09-01,85000,59000,,2_2024.csv,98000.0,
2023-11-01,70000,61000,,6_2024.csv,93000.0,
2023-11-01,66000,42000,,1_2024.csv,90000.0,
2023-11-01,73000,58000,,5_2024.csv,90000.0,
2023-11-01,70000,53000,,12_2023.csv,93000.0,
2023-11-01,64000,48000,,01_2025.csv,88000.0,
2023-11-01,70000,53000,,3_2024.csv,93000.0,
2023-11-01,78000,60000,,8_2024.csv,95000.0,
2023-11-01,70000,58000,,7_2024.csv,95000.0,
2023-11-01,86000,68000,,4_2024.csv,96000.0,
2023-11-01,79000,55000,,2_2024.csv,92000.0,
2023-11-01,78000,58000,,9_2024.csv,106000.0,
2024-01-01,77000,63000,,2_2024.csv,103000.0,
2024-01-01,80000,60000,,4_2024.csv,90000.0,
2024-01-01,65000,52000,,5_2024.csv,105000.0,
2024-01-01,78000,63000,,3_2024.csv,120000.0,
2024-01-01,78000,53000,,6_2024.csv,120000.0,
2024-01-01,64000,50000,,9_2024.csv,90000.0,
2024-01-01,77000,56000,,8_2024.csv,92000.0,
2024-01-01,69000,53000,,01_2025.csv,96000.0,
2024-01-01,65000,40000,,7_2024.csv,90000.0,
2024-03-01,72000,55000,,5_2024.csv,95000.0,
2024-03-01,77000,57000,,01_2025.csv,118000.0,
2024-03-01,79000,58000,,8_2024.csv,118000.0,
2024-03-01,76000,72000,,4_2024.csv,118000.0,
2024-03-01,80000,65000,,7_2024.csv,120000.0,
2024-03-01,72000,54000,,6_2024.csv,110000.0,
2024-03-01,66000,54000,,9_2024.csv,116000.0,
2024-05-01,72000,55000,,6_2024.csv,95000.0,
2024-05-01,72000,58000,,9_2024.csv,118000.0,
2024-05-01,74000,54000,,01_2025.csv,106000.0,
2024-05-01,73000,51000,,8_2024.csv,109000.0,
2024-05-01,70000,50000,,7_2024.csv,95000.0,
2024-07-01,65000,50000,,01_2025.csv,96000.0,
2024-07-01,71000,50000,,8_2024.csv,92000.0,
2024-07-01,68000,52000,,9_2024.csv,100000.0,
2024-09-01,62000,45000,,01_2025.csv,94000.0,
2024-11-01,59000,43000,,01_2025.csv,85000.0,
