Date,2YO,3YO,4YO,5YO
2015-01-16,,92092.8856108204,,
2015-01-17,,,77306.59320541064,68710.03751515353
2015-01-20,,91139.68830999023,,
2015-01-21,,,76394.88556494832,
2015-01-22,,,,68174.7406972774
2015-01-23,,89841.13975918802,,
2015-01-24,,,,67257.53533813167
2015-01-26,,88752.63346727338,75248.65690250546,
2015-01-29,,87607.26490637813,74143.67215713114,66441.5037555364
2015-02-02,,86499.80452480327,73084.6414087289,
2015-02-04,,,,65381.08046177136
2015-02-06,,85489.43550046743,,
2015-02-07,,,72031.30371342746,
2015-02-09,,,,64656.956873120245
2015-02-10,,84352.57693901146,,
2015-02-12,,,71035.16277104185,63821.4296554459
2015-02-15,,83138.23259318733,,
2015-02-17,,,70500.86052215613,63430.6466130128
2015-02-20,,82584.74970255248,,62714.79126245326
2015-02-23,,,70500.58359552149,
2015-02-25,,,,62308.97066419279
2015-02-26,,82481.53751683977,,
2015-03-01,,,70665.79011356164,
2015-03-02,,,,61699.73206797191
2015-03-04,,82539.13825684611,,
2015-03-07,,,70939.23538480053,
2015-03-08,,,,61405.72991031023
2015-03-10,,82680.9246937848,,
2015-03-12,,,71174.0691709802,
2015-03-14,,,,61399.66667452009
2015-03-16,,82685.35551993913,,
2015-03-20,,,,61406.18259533528
2015-03-22,,82583.44651838945,72447.783996146,
2015-03-25,,,,61993.3973792008
2015-03-27,,,72858.91253590163,
2015-03-28,,82570.15403992645,,
2015-03-31,,,,62930.51711084237
2015-04-03,,82463.81421222244,73930.04303897575,
2015-04-06,,,,63838.836472480776
2015-04-08,,,74293.37078363111,
2015-04-09,,82036.79334159853,,
2015-04-12,,,,64499.52188349365
2015-04-15,,81532.40791430618,74114.66079540632,
2015-04-18,,,,64862.35731413186
2015-04-19,,80726.93035972363,,
2015-04-20,,,73854.7189943521,
2015-04-24,,79716.94815354413,,64366.104784846495
2015-04-26,,,73362.89729122104,
2015-04-29,,78517.42505076258,,
2015-04-30,,,,63975.01921751839
2015-05-02,,,72382.79854588243,
2015-05-03,,77412.67239628205,,
2015-05-04,,,,63341.41107744868
2015-05-06,,,71190.31553354609,
2015-05-07,,76398.8993721705,,
2015-05-09,,,,62947.42421064181
2015-05-11,,75434.8915218134,,
2015-05-12,,,70881.63464479418,
2015-05-14,,,,62524.50574090026
2015-05-17,,75190.98231539656,,
2015-05-18,,,70518.30690013882,
2015-05-20,,,,62423.528348952284
2015-05-23,,75316.89162528221,,
2015-05-24,,,70621.69284373993,
2015-05-25,,,,62347.86347154751
2015-05-29,,76036.90087536143,,
2015-05-30,,,70979.11282018952,
2015-05-31,,,,62263.67777461517
2015-06-04,,76980.6668462345,71521.3351708261,
2015-06-06,,,,62188.35372999149
2015-06-10,,77811.44675017206,71945.77139285998,
2015-06-12,,,,62027.36704638402
2015-06-15,,78430.1008519709,,
2015-06-17,,,71742.69186078636,
2015-06-18,,,,61774.38797214374
2015-06-21,,78850.47548336332,,
2015-06-22,,,71596.47459769335,
2015-06-24,,,,61517.23126181508
2015-06-27,,79118.5404657005,,
2015-06-28,,,71249.39321560386,
2015-06-30,,,,61243.48005257982
2015-07-03,,79291.34268571952,70930.37373249185,
2015-07-06,,,,61010.3447497593
2015-07-07,,,69556.54069801376,
2015-07-09,,79415.40581804086,,
2015-07-12,,,69295.73971432383,60769.89858378413
2015-07-15,,79561.62308113388,,
2015-07-18,,,69029.5493122827,60608.93462236208
2015-07-21,,79765.44108423323,,
2015-07-24,,,69047.27261690004,60409.69351660895
2015-07-27,,79991.41321810425,,
2015-07-30,,,69335.27631693172,60249.55079988805
2015-08-02,,80124.33800273426,,
2015-08-05,,,69339.07416792115,60054.59444909736
2015-08-08,,80057.87561041924,,
2015-08-10,,,69078.28839998037,
2015-08-11,,,,59698.7217452731
2015-08-14,,79542.8572291861,,
2015-08-16,,,,59281.73177274858
2015-08-19,,78789.55162374122,,
2015-08-22,,,,58733.997263384284
2015-08-24,,78237.4877265503,68887.20902207473,
2015-08-27,,77339.56376473553,,
2015-08-28,,,,58285.288202040654
2015-08-30,,,68905.48617996136,
2015-09-01,,76528.40609091,,57730.20414770607
2015-09-05,,,68444.68025991064,
2015-09-06,,75840.83681803216,,
2015-09-07,,,,57400.40298761851
2015-09-10,,75330.18410374521,,
2015-09-11,,,67772.77712236419,
2015-09-13,,,,57376.4765263851
2015-09-15,,75480.83219299254,,
2015-09-16,,,67382.86442078283,
2015-09-19,,,,57434.07726639144
2015-09-22,,75603.23376550601,67448.23668920272,
2015-09-24,,,,57592.110065896006
2015-09-27,,75974.86930920076,,
2015-09-28,,,65990.0025704098,
2015-09-30,,,,57839.86709502584
2015-10-03,,76527.8704965397,,
2015-10-04,,,65553.84312084256,
2015-10-06,,,,58014.51549260915
2015-10-09,,76810.08003929266,65061.61417266057,
2015-10-12,,,,57834.55578418699
2015-10-13,,,64324.79384687815,
2015-10-15,,76479.66700321235,,
2015-10-18,,,63790.09738478312,57383.47256768141
2015-10-21,,75976.15191677175,62937.16335007388,
2015-10-24,,,,56944.57647219839
2015-10-26,,75397.31111998335,62179.2705363751,
2015-10-30,,,,56440.939232655786
2015-10-31,,74951.34846754967,61198.80255552362,
2015-11-04,,,,55965.15290036901
2015-11-05,,74361.063960989,,
2015-11-06,,,60589.56395930274,
2015-11-10,,74043.94133482539,,55489.366568082216
2015-11-12,,,60562.240531351024,
2015-11-15,,73342.95857352654,,55084.75477656029
2015-11-18,,,60701.25770194324,
2015-11-20,,72791.59764394665,,54464.68527196215
2015-11-23,,71996.5412758784,61130.77091227897,
2015-11-25,,,,54020.34725578505
2015-11-28,,71670.59862690023,,
2015-11-30,,,61630.955799776304,
2015-12-01,,,,53597.53567000776
2015-12-05,,71758.93822335225,63424.55422705058,
2015-12-06,,,,53627.9975998188
2015-12-09,,72206.45166493996,,
2015-12-10,,,63320.98366569303,53652.36714366764
2016-01-07,,,69772.82039967217,57398.63065715677
2016-01-08,,92395.06795454596,,
2016-01-12,,91990.5335266553,,
2016-01-13,,90933.70764174414,69968.88445700143,57429.64644023711
2016-01-15,,89927.37045280698,,
2016-01-16,,92527.7661974079,,57571.60932657265
2016-01-17,94516.65683064469,88545.70611248678,69687.05593511164,
2016-01-19,,92059.19360021505,69663.15745235242,57143.30430001329
2016-01-20,95403.69248910414,87254.21895061937,,
2016-01-21,,86043.55250941121,69664.64268269051,57438.453582599934
2016-01-22,97912.32009005734,87140.5804003476,,
2016-01-23,96206.50185554277,90998.63275794352,69066.10362805595,
2016-01-24,99718.38726675278,85783.70931179842,,
2016-01-25,,,69262.0606965274,56707.84376052397
2016-01-26,99964.57614446139,86065.98723775048,,
2016-01-27,,81180.57879137118,,57157.34701199089
2016-01-28,100090.70422416888,87689.46593551069,,
2016-01-29,103505.40930293564,82555.28441634968,,
2016-01-30,101875.48436282529,86116.25547894425,69336.47412216128,
2016-01-31,105290.1346449896,81151.41294419566,,56279.40397057208
2016-02-01,103597.87856958336,85031.28275027774,,56984.73771424849
2016-02-02,106896.67432916866,79858.76861927504,68780.49081825459,
2016-02-03,105157.52686704148,83295.32638441132,,
2016-02-04,108706.52976633744,81093.9738217748,67939.88256589907,
2016-02-05,107083.35346042452,76242.93429153791,,55733.52618835817
2016-02-06,,79597.37766753964,69068.62147977173,56675.93778378188
2016-02-07,109467.92008564688,81071.13229064498,68327.22344851628,
2016-02-09,111362.21465910306,79129.03110633194,67702.76303606834,
2016-02-10,,75563.83633628373,,55295.95748991685
2016-02-11,110962.1309654073,,,56217.11950871693
2016-02-12,112517.2585431626,77229.3424923213,68462.60710698366,
2016-02-14,,,67028.53898958389,
2016-02-15,,,,54600.07162667789
2016-02-16,,76068.56774961592,68111.41856586267,55822.26693353438
2016-02-17,113023.57914987364,,,
2016-02-19,,,66613.48310784102,
2016-02-20,,75942.54966167906,,54109.65446647814
2016-02-21,,,67908.0881503588,55181.61636994082
2016-02-22,112106.39467171408,76792.98970984021,65889.35951918992,
2016-02-23,,,67125.35782467797,
2016-02-24,,,,53283.95698077642
2016-02-25,110493.03981507206,76176.69975910496,,54723.42613239618
2016-02-26,111450.36869330722,,66163.69095565967,
2016-02-27,,,67042.43490898704,
2016-02-28,109200.47787701982,77879.17509281688,,
2016-02-29,,,,52788.98901873747
2016-03-01,107721.67908245666,76943.30422749104,66196.15618062715,53995.35232763314
2016-03-02,,,64643.03141949234,
2016-03-03,107568.20064854735,,,51936.05498402823
2016-03-04,,78602.47953713694,,
2016-03-05,105262.14923730574,,66121.75805066145,53472.85230303848
2016-03-06,106784.98596004125,77835.9408815303,,
2016-03-07,103849.8492098592,,65366.15204319728,
2016-03-08,105483.01868564142,,64315.15028407166,51540.34001010192
2016-03-09,,,,51656.032800594876
2016-03-10,103533.2588703025,,,
2016-03-11,101168.44380131092,78667.4642302274,,
2016-03-12,102716.33822754184,,65366.15204319728,
2016-03-14,,,64674.29571051233,51005.30972015385
2016-03-15,101468.61958957532,,,
2016-03-16,99841.16049657558,78223.28038114855,,51187.88342108744
2016-03-17,,79113.24968482406,,
2016-03-18,,,64646.12468690041,48597.427476737794
2016-03-20,99437.30953646082,,64926.6042933697,50973.988797436046
2016-03-21,,,,49927.89425821342
2016-03-22,98213.70140357582,78244.32699449098,,47462.503006063474
2016-03-23,,,64682.61922413738,
2016-03-25,,,65161.43807954939,48970.21547907248
2016-03-26,97801.41176668256,,,46352.87644281317
2016-03-27,96818.73646671888,77752.32499232618,,
2016-03-28,,,,47842.03418735205
2016-03-29,,,64905.03863351401,
2016-03-30,,,,45273.09188238127
2016-03-31,,,65320.94782110541,
2016-04-01,96608.84590908993,77840.32460972693,,47515.33684349802
2016-04-02,95713.74340794006,,,46431.291441950045
2016-04-03,,77058.20630393534,65105.75858831732,
2016-04-05,,77373.65943900518,,44766.08465431882
2016-04-06,95559.39312094526,,,
2016-04-07,,,65130.422296469056,45587.09919960683
2016-04-08,94745.66357444537,,65230.53045211396,
2016-04-09,,77192.18604717351,,
2016-04-10,,77219.47910387888,,45196.135428121794
2016-04-11,,,,45026.30392047732
2016-04-13,94419.15204463426,,64923.95486009324,
2016-04-14,,78108.94507767732,,
2016-04-15,,77335.37391807736,,45552.282204758856
2016-04-17,93688.22304847998,,,
2016-04-18,,,64758.55498553054,
2016-04-19,,,,46635.82933946849
2016-04-20,,78615.82427085872,,
2016-04-21,93285.64106231688,,,
2016-04-22,,,64574.12195127073,
2016-04-23,,,,48845.06846042072
2016-04-24,,,63876.49849479261,46698.16293912935
2016-04-25,,79601.86693465846,,
2016-04-26,92683.19567876784,,63124.62137968031,
2016-04-27,,,64345.59957029534,46840.24270121664
2016-04-28,,,,49037.9245864935
2016-04-30,92503.12827502776,79962.9101463642,63765.817268414175,
2016-05-01,,80949.30244734426,62861.61776414249,
2016-05-02,,,,49368.2291590096
2016-05-03,,,,50530.3578039224
2016-05-04,,80688.53664422048,63689.86917740751,
2016-05-05,92269.6008115243,,,
2016-05-06,,,62412.50140603425,
2016-05-07,,80870.43989572232,62988.253479536506,50339.27975116613
2016-05-09,,81335.59439325744,,50326.73672642991
2016-05-11,92210.1856382878,,,
2016-05-12,,,62451.05576954457,50090.501552378664
2016-05-13,,80134.75044419692,,
2016-05-15,,81193.19172261996,,
2016-05-16,92531.15673718497,,62383.768673565166,48489.07004069566
2016-05-17,,,,50521.400173478
2016-05-18,,79134.7868282664,61674.37789608877,47324.40892425341
2016-05-19,,,,49498.42588644958
2016-05-20,,80438.23153225618,,
2016-05-21,93247.48532281592,,61670.61875182618,46397.41058961145
2016-05-22,,77985.35667672966,,48340.057943785054
2016-05-23,,,,49335.679977149615
2016-05-24,,79807.91404226898,,45255.70542419673
2016-05-26,94199.30230750972,78734.56602140963,61740.53484157003,47545.99162853019
2016-05-27,,76919.18913334311,,44212.21509522507
2016-05-30,,78473.22536811573,61433.63634170331,46201.46500721424
2016-05-31,95089.47311443838,75858.15202024055,61581.07672841752,
2016-06-01,,77364.14213436775,,
2016-06-02,,,60752.76605598738,44387.48913203063
2016-06-04,,,,44416.00676060241
2016-06-05,95666.59875961112,75219.41344988687,61538.49344562282,
2016-06-06,,76484.86215217761,,
2016-06-07,,,60627.235584400354,42777.92684619891
2016-06-08,,,,43725.466826003205
2016-06-09,,74704.17166565434,,42884.26521361721
2016-06-10,95638.18280719365,,,
2016-06-11,,75668.60632113794,60804.33488857672,
2016-06-13,,,60402.73078979501,42954.13739402895
2016-06-14,,,,42825.84360515056
2016-06-15,95193.86064212072,74674.42183290381,,
2016-06-16,,75098.85058875798,60473.91137575556,
2016-06-18,94140.88069904307,,,
2016-06-19,,,59866.60082512064,43382.67889896289
2016-06-20,92954.29610136492,,,
2016-06-21,93928.0591253431,74483.89630826747,60113.89769760713,
2016-06-22,,74791.85262348756,59205.83805047651,
2016-06-23,93168.57821527656,,,
2016-06-24,91745.19732600216,,,43655.84774258043
2016-06-25,,,,44544.80398343474
2016-06-26,,74769.94452031257,,
2016-06-27,91136.83761742842,74364.26400210046,59684.84030036174,
2016-06-28,,,58776.61759115454,
2016-06-29,,,,44354.66881372609
2016-06-30,90673.14093934358,,,
2016-07-01,89218.76082925014,,,45260.38240735963
2016-07-02,,74398.55000934596,59307.56569243906,
2016-07-03,89371.17366494378,74249.06252208777,,
2016-07-04,,,58727.87850345689,45084.55955846539
2016-07-05,88279.4198567231,,,
2016-07-07,,74398.55000934596,59189.20503113,45803.15861126551
2016-07-09,87701.09064331782,74244.63169593345,,
2016-07-10,,,58878.52659270422,45612.25084013499
2016-07-11,87050.10700611792,,,
2016-07-12,,74398.55000934596,59181.80748979817,
2016-07-13,,,,46376.95059825172
2016-07-15,,74408.57226364379,,46281.06444875005
2016-07-16,87477.4030839986,,59268.43929428559,
2016-07-17,,74398.55000934596,59181.80748979817,
2016-07-19,,,,46890.92643215443
2016-07-20,,,,46693.45227322058
2016-07-21,88231.95229984394,74559.22035289113,,
2016-07-22,,74482.93677713114,59344.081382556134,
2016-07-25,,,,47312.51329359179
2016-07-26,89240.48376808167,,,
2016-07-27,,74670.50844686927,59529.491932393576,
2016-07-28,,,59547.581342008605,
2016-07-30,,,,47392.59245399232
2016-07-31,90066.54255013457,,,47770.44542378966
2016-08-01,,73965.73580521901,59588.67226304811,
2016-08-02,,74586.61194898149,,
2016-08-03,,,59315.23989554074,
2016-08-04,,,,47895.625264555885
2016-08-05,90604.09722024662,,,
2016-08-06,,73726.6780294363,59566.47963905266,47651.83561596597
2016-08-08,,,58825.67316643467,
2016-08-09,,,,47905.48865299831
2016-08-10,90658.34585667997,,,
2016-08-11,,73863.29679653715,59505.491020517016,
2016-08-12,,72195.02479748931,,47209.05975003558
2016-08-14,,73006.1683408906,58438.8471621129,
2016-08-15,90199.69829410728,,,47536.90940067619
2016-08-17,,71016.38388725245,,46785.02968706585
2016-08-18,,72541.5774545129,,
2016-08-19,,,58074.64213713621,47152.81817780866
2016-08-20,89726.80361489559,71481.64255804638,57099.72030812979,
2016-08-21,,69870.29857506751,,
2016-08-23,,,,46236.71495046705
2016-08-24,88916.08788153087,70996.38552445597,57295.83637020104,46948.73997408329
2016-08-25,,68805.92290990514,,
2016-08-26,,69849.41435415138,57122.16759321292,
2016-08-28,88499.32057940819,,,45792.60902518376
2016-08-29,,,55928.482539148856,
2016-08-30,87639.09220167974,67854.93729876884,,46447.98333008336
2016-08-31,,69457.40337421057,56949.863590827066,
2016-09-01,,68499.01079722181,,
2016-09-02,,,56155.5085573391,
2016-09-03,,,55546.54532464528,45352.100508754345
2016-09-04,87336.84979869408,,,45857.73961914641
2016-09-05,,67765.34230436437,,
2016-09-06,86391.37356371328,,56208.30410529653,
2016-09-09,,,55545.67395596857,45197.3250464494
2016-09-10,86028.62306624427,67664.48594008916,,
2016-09-11,,67199.61811054288,,
2016-09-12,85043.80166637774,,,
2016-09-14,,,55717.29229939717,44783.49315535244
2016-09-15,,67463.07048994697,55686.85481953253,
2016-09-16,84741.95668930002,,,
2016-09-17,,67084.4166305302,,
2016-09-18,83595.78037081128,,,
2016-09-19,,,55895.47598175652,44705.558857565295
2016-09-20,,67454.7245458803,,44048.551454149376
2016-09-22,82733.85299732641,,,
2016-09-23,,67133.15571822788,,44309.70336641504
2016-09-24,,,55621.12426208354,
2016-09-25,,67454.7245458803,,
2016-09-26,,,,43587.74553409866
2016-09-27,81652.36768100204,,56149.13768163468,
2016-09-28,,,,44154.93519776703
2016-09-29,,67177.46397977122,55547.14884876537,
2016-10-01,,67454.7245458803,,
2016-10-02,80904.99584156793,,,43131.3704402023
2016-10-03,,,55943.10426545816,43650.42287893711
2016-10-04,,,55547.14884876537,
2016-10-05,80298.08922147009,67248.35719824056,,
2016-10-06,,67454.7245458803,,
2016-10-08,,,,42981.48189450155
2016-10-09,80365.90001701175,,55591.15534824866,
2016-10-11,,67513.5904159793,,
2016-10-13,,,,42449.11880811064
2016-10-14,80365.90001701175,,55547.14884876537,
2016-10-15,,,55874.42646006598,
2016-10-16,,67799.94314136509,,
2016-10-17,,67744.60972752594,,
2016-10-18,,,,42278.4255465961
2016-10-19,80731.36451508889,,,41760.02974543601
2016-10-20,,,55547.14884876537,
2016-10-21,,68066.25462931051,55830.11819852264,
2016-10-23,,67926.27359985361,,41929.44946979989
2016-10-25,81350.72141687828,,55547.14884876537,41402.18223312944
2016-10-26,,68233.93223283169,,
2016-10-27,,,55692.762587738296,
2016-10-29,,67939.56607831661,,41675.77251276406
2016-10-30,81772.747988516,,55532.35376610173,
2016-10-31,,68362.1562825832,,41080.39024476295
2016-11-02,,,55305.43453474696,
2016-11-03,,67424.02642341825,55558.77355657252,41442.503376100765
2016-11-04,81882.39599003426,,,
2016-11-06,,67793.77852358858,54989.1628740226,40636.81531531243
2016-11-08,,66654.87265056842,55152.20179690959,41027.88879764605
2016-11-09,81884.86183714485,,,
2016-11-10,,67246.29557432068,55066.04909934351,
2016-11-11,,,,40239.37020926869
2016-11-13,,66129.57359427129,,40530.269726603525
2016-11-14,81884.86183714485,66458.26275034185,54609.15018478586,
2016-11-15,,65321.89728385276,,
2016-11-17,,,,40261.01316081798
2016-11-19,81884.86183714485,66044.25999861384,54294.49851657768,
2016-11-20,,65035.99031405481,54208.805061549385,
2016-11-21,,65358.75450186545,,
2016-11-23,,,,40367.963077517576
2016-11-24,82252.27305662511,,54272.30589258223,40258.09627980518
2016-11-25,,65359.89258514728,54512.79949956112,
2016-11-27,,65121.82128099298,,
2016-11-28,,,,40621.789356677196
2016-11-29,82956.91822380346,,54701.36328982761,
2016-11-30,,65509.41335571627,54904.96169749777,
2016-12-02,,,,41075.09215662051
2016-12-03,83584.65244538905,,54977.538166215454,
2016-12-04,,65773.01681644721,,
2016-12-28,,78292.8429799988,66973.64597667186,52334.53719553448
2016-12-29,,,66877.97588485232,
2016-12-30,,,,52546.21291515824
2016-12-31,98050.95549427584,78696.71120367866,,
2017-01-02,,,67250.57261131772,51953.66658714588
2017-01-03,,78757.05889860945,67134.16442150155,
2017-01-04,98849.8899581121,79018.72554558418,,52176.95231034504
2017-01-06,,,,51062.23276887715
2017-01-08,,,67400.47590944698,51215.2356747513
2017-01-09,99474.18442658545,78338.71506253778,67170.96543474485,
2017-01-10,,78823.68878126437,,49972.56602249351
2017-01-11,,,,51288.63088874932
2017-01-13,,,67157.78464119263,49397.61386987801
2017-01-14,99903.75507707556,77930.63490105633,66700.90401117176,
2017-01-15,,,,48627.43389038119
2017-01-16,,,,48600.95830195355
2017-01-17,,,66675.25729607514,
2017-01-19,,77289.48263289031,65996.89496664987,47436.40503729248
2017-01-20,100092.67690185735,,,
2017-01-22,,,66458.87457706853,
2017-01-23,,76665.33971825108,,
2017-01-24,,76990.15532259253,65559.9049535059,46492.71237406565
2017-01-25,100329.3982244755,,,45454.45259291945
2017-01-28,,,65125.16222649316,
2017-01-29,,76803.43380006115,,45192.11746100419
2017-01-30,100329.3982244755,76879.19220261529,64595.04642532357,44589.33378628579
2017-02-02,,,64285.61144304277,
2017-02-03,,,,44675.4637806868
2017-02-04,100329.3982244755,77226.37076706708,64456.58323899852,
2017-02-05,,,63353.32017580014,44481.29547522262
2017-02-06,,,63371.610510332,
2017-02-08,,,,44739.34096298058
2017-02-09,100257.06670923106,77907.45044773787,62706.46500163824,
2017-02-10,,78010.83392711708,,
2017-02-11,,,62975.33713752856,44513.78820035441
2017-02-12,,,61905.86401927158,
2017-02-13,,,62327.92475385299,44716.79607511219
2017-02-14,100033.49657120282,78597.39446928534,,
2017-02-16,,78750.78189489082,60569.25600609538,
2017-02-17,,,60946.89738263804,44651.14381113874
2017-02-18,,,,44670.29724388363
2017-02-19,99786.91186014224,79162.56662703617,,
2017-02-21,,79337.86636034002,59907.64426739236,
2017-02-22,,,60689.14460212414,
2017-02-23,,,,44713.8904413632
2017-02-24,99678.4145872756,79407.507440023,59778.54249056475,
2017-02-26,,,59388.34852708723,
2017-02-28,,79074.93180828681,,44670.29724388363
2017-03-01,,79320.38084211493,59462.91406040723,44819.51520500342
2017-03-02,99374.62222324897,,,
2017-03-04,,,59361.4866435266,
2017-03-05,,78536.92068584163,,44730.25626309941
2017-03-06,,78887.62467420363,59263.18044444817,
2017-03-07,99135.92822294234,,,44916.993380398766
2017-03-08,,77645.120352994,,
2017-03-09,,77833.16680353087,,
2017-03-10,,,59525.427211236936,
2017-03-11,,,59529.491932393576,45033.08500003148
2017-03-12,99135.92822294234,76779.06425621232,,45072.07229580045
2017-03-13,,77561.24551340882,,
2017-03-14,,76529.74644065516,,
2017-03-15,,,,44995.78906248357
2017-03-16,,,59815.57861467099,
2017-03-17,98887.93445639,75686.2826057277,,
2017-03-18,,,,45147.39634042412
2017-03-19,,76247.93534230023,,
2017-03-20,,75370.85249311248,,
2017-03-21,,,60210.06573492075,44995.78906248357
2017-03-22,98706.87082569695,74967.11699592244,60610.16202612735,
2017-03-24,,,,44997.42991673898
2017-03-25,,75123.50905986402,,44998.50149430524
2017-03-26,,,60417.19689221162,
2017-03-27,98356.4609731372,,,
2017-03-28,,,60876.82918830871,
2017-03-29,,75078.32661707781,,
2017-03-30,,75350.36699403977,,44536.87513663224
2017-03-31,97654.0838908952,,60538.02340063131,44588.92428923363
2017-04-03,,76118.37884519945,61000.89232063005,
2017-04-04,97016.84086226556,76573.42716090017,,43892.3648322091
2017-04-05,,,60538.02340063131,44127.810879550365
2017-04-07,,76633.59383039897,,
2017-04-08,95962.3829915928,77361.06630342567,,
2017-04-09,,78076.60755952542,60729.978950050805,
2017-04-10,,,60782.14226458127,43358.285587559636
2017-04-11,,78442.69178295945,,
2017-04-12,95400.52211424764,78195.95455967874,,
2017-04-13,,79327.77838344674,,42586.96960003983
2017-04-14,94338.79880119544,79680.91455451978,,42819.815978880186
2017-04-15,,,60416.02326825801,
2017-04-16,,80661.25370425984,60782.14226458127,
2017-04-18,93861.04610386664,80751.29990357248,,42169.55143178791
2017-04-20,,,60818.30802220349,
2017-04-21,,81442.30717150458,60460.33152980135,
2017-04-22,93139.8583489295,,,41720.663559218665
2017-04-23,,81392.07555653891,,41866.49929769806
2017-04-24,,,60447.60900657576,
2017-04-27,93306.66565347048,81631.70153378934,60270.4389803299,
2017-04-28,,,,41859.18583519385
2017-04-29,,81132.07402621051,60342.9866363115,
2017-05-01,,81071.13229064498,,
2017-05-02,94124.38752386373,80207.04675761516,59869.46783027932,
2017-05-03,,80067.53251662846,,42228.85386245365
2017-05-04,,,59896.08120283697,
2017-05-05,94307.7995803764,78893.04953784696,,
2017-05-06,95620.09992838254,79112.4480797383,,
2017-05-08,,78005.03976983833,59503.01652131128,43032.97476244143
2017-05-09,,78148.48700279958,59139.9453358099,42985.153177109285
2017-05-10,95942.03975293032,77026.00896721384,,
2017-05-11,97115.81233290138,,,
2017-05-12,,77327.97637674553,,
2017-05-13,97345.7232206426,75911.50645465383,59072.83435169964,43826.97753205648
2017-05-15,98604.29158589576,76243.00364807901,58453.16728188819,43862.45675566736
2017-05-16,,74753.71561764154,,
2017-05-18,,75049.53364654585,58079.57383135743,44510.017181694246
2017-05-19,,73627.95215953286,,
2017-05-20,99414.92121031374,,,
2017-05-21,,,57868.298229516135,44574.131832742
2017-05-22,,72710.97506971341,,
2017-05-23,,73064.03355308615,57891.00905231112,
2017-05-24,,,,44984.939335196905
2017-05-25,99675.40077414042,72224.72964941055,,
2017-05-26,,,57182.58568241709,
2017-05-27,,72145.60165242045,57212.53595867475,45147.39634042412
2017-05-29,,,,45414.98307128655
2017-05-30,99211.876313949,72228.60455201294,,
2017-05-31,,,56940.66069714642,
2017-06-01,98168.49420654804,,56538.80422620746,
2017-06-02,,,,45258.16699428247
2017-06-03,97182.97731134263,72264.28560632284,56238.818963290265,45405.11968284412
2017-06-04,,72771.09091634619,,
2017-06-05,97508.4691299426,,,
2017-06-06,96061.83882505391,,55795.60439479415,
2017-06-07,,,56127.60925860195,
2017-06-08,,72984.06165502552,,45082.8264081011
2017-06-09,96070.88026445948,73533.03767352334,,
2017-06-10,94504.8077863711,,55245.16477261986,
2017-06-11,,,55291.2189675018,
2017-06-13,93217.66031490672,,,44896.33322902248
2017-06-14,,74036.88151634535,55175.15819893686,44892.45342015938
2017-06-15,93494.0700338765,,54575.36361694227,
2017-06-16,91923.44284571166,,54322.67962641316,
2017-06-18,,,,44670.29724388363
2017-06-19,,74664.86149729138,,
2017-06-20,91565.22962735826,74478.57931688227,54196.62028962496,44604.30364893579
2017-06-21,,,54079.969817954974,
2017-06-22,90653.76642633168,,,
2017-06-23,,,,44401.90925310821
2017-06-24,,74628.46089708719,53667.59810857316,
2017-06-26,,,53724.88783402776,44264.00037590384
2017-06-27,90708.2429982122,74306.9094191027,,
2017-06-29,,74326.21849410153,,44209.18383420036
2017-06-30,,,53495.70579035369,
2017-07-01,91198.3663739026,73526.95525065053,53443.78126341872,
2017-07-02,,73799.48136162804,,43819.8364278971
2017-07-03,,,,43867.417424670406
2017-07-05,,72935.17487312271,,
2017-07-06,,73174.08078699374,53372.62317956115,
2017-07-07,92243.88554879942,,,43388.147365432014
2017-07-08,,72224.72964941055,,43522.03443937823
2017-07-09,,72472.30123419999,,
2017-07-11,,,53408.50068168234,
2017-07-12,93309.13150058108,71769.37502972138,52984.121711715445,
2017-07-13,,71098.42462631867,,42946.826530874285
2017-07-14,,,,43001.35389949367
2017-07-17,94053.68754655712,70774.87283364689,53009.08764420621,
2017-07-18,,70675.3804351851,53043.12854744676,
2017-07-19,,,,42661.65352969038
2017-07-22,94470.54548967635,70061.19333521674,52706.84524122054,
2017-07-23,,70267.90383520846,,
2017-07-24,,,52679.21002597081,42511.20151383727
2017-07-25,,,,42515.48560474991
2017-07-27,93940.11437788385,69879.77561989761,52499.36182005672,
2017-07-28,,70255.92686352838,,
2017-07-29,,,,42608.84905941726
2017-07-30,,,52268.71859847265,
2017-07-31,93114.32957884324,,,42444.592386280565
2017-08-01,,,52156.60907168253,
2017-08-02,,70097.89950485849,,
2017-08-03,,,,42608.84905941726
2017-08-04,92588.5351026433,,,
2017-08-05,,,51741.10765702354,
2017-08-06,91516.0812900768,,,42493.33147397824
2017-08-08,,70238.29139718032,,42524.46229163208
2017-08-10,91008.8043772748,,51453.96006645089,
2017-08-11,,,51504.36592156315,
2017-08-12,,,,42515.48560474991
2017-08-13,,70620.87223589802,,42505.51832335378
2017-08-14,90110.31133634783,70314.48889703947,,
2017-08-16,,,51268.28765008683,
2017-08-17,,,51337.260478028285,
2017-08-18,89745.98242575582,70709.64273187982,,42559.701484972975
2017-08-20,,70465.13698628682,,
2017-08-21,,,51473.56942204476,
2017-08-23,89886.53571106037,70709.64273187982,51330.297751214326,
2017-08-24,,,,42385.35833858869
2017-08-26,,70491.72194321282,52013.58993926739,
2017-08-28,90562.17781936632,70906.91050072829,51773.69685423015,42180.57035073311
2017-08-29,,,,42215.55275737963
2017-08-31,,,52950.61184129758,
2017-09-01,,70491.72194321282,,
2017-09-02,91393.87282338634,70911.8421949495,,
2017-09-03,,,52775.063565109565,41867.4510281618
2017-09-04,,,,41937.11509740423
2017-09-05,,,53710.09275136412,
2017-09-07,92563.70591904497,70595.75064332511,,41857.11795455546
2017-09-09,,,53760.922384448815,
2017-09-10,92680.3404873766,,54457.24442587765,
2017-09-11,,,,41700.84656751741
2017-09-12,93795.45134739498,70407.40032889415,,
2017-09-13,,70274.27062886936,,41695.66367945628
2017-09-15,,,54664.65727007637,
2017-09-16,94945.86687556836,,,
2017-09-17,,,,41357.93227193023
2017-09-18,,69853.71980148736,,41370.17186085632
2017-09-19,94972.34537668462,69783.72256402561,,
2017-09-20,,,54872.23198960959,
2017-09-21,96287.87481019276,,54421.11548144453,
2017-09-22,,69545.38353457999,,40960.96522870842
2017-09-23,97800.0555507717,,54017.01819171952,40845.76837533418
2017-09-24,,68963.26462580998,,
2017-09-25,96803.23685630936,,,
2017-09-27,98604.29158589576,,53681.16751367081,
2017-09-28,100437.89549734216,68337.19266313351,53269.02522819178,40475.26971233759
2017-09-30,99497.58579916452,67179.60646111128,,
2017-10-01,101746.64385129612,,,
2017-10-02,,67528.89845422284,52225.397675881875,39925.156515456954
2017-10-03,,,52771.42695126022,
2017-10-04,102548.31814525527,66912.23818154704,,
2017-10-06,,65900.88860232577,,
2017-10-07,103850.77294825048,66327.2376721563,51144.561858959554,39462.42814628438
2017-10-08,,,,39584.17761607573
2017-10-09,,,50134.61444098585,
2017-10-10,,65606.0979351139,,
2017-10-11,105555.35020088583,,,
2017-10-12,,64886.955754702896,50153.59691965628,39375.63032799106
2017-10-13,,65208.404836785325,50114.53540022807,39195.81218711968
2017-10-15,,,49414.966445782935,
2017-10-16,105671.29336502768,,,
2017-10-17,,64959.28726994734,,39408.17950985106
2017-10-18,105971.25641354136,64627.80045458683,49592.40113845168,
2017-10-19,,,,39193.104460025366
2017-10-20,104643.45645512568,,49416.35448842982,
2017-10-22,103179.53812324176,65132.88290653398,,
2017-10-23,102069.2294929443,,,39385.84183602556
2017-10-25,102068.3684034771,64724.2632323218,49826.38355216014,
2017-10-26,100682.01436129212,,,39287.237796068905
2017-10-27,,65593.99631621724,49482.1289525357,
2017-10-28,97470.49508443926,,,39489.552464501045
2017-10-29,97874.64742586753,,,
2017-10-30,96654.0531061177,65441.42409415895,50489.69642491307,
2017-10-31,,,,39681.97227905352
2017-11-01,95044.67689192905,66419.06875942589,49974.78143557068,
2017-11-02,95403.62203632956,,,39921.07570885704
2017-11-03,93105.81998881446,,,
2017-11-04,90568.81663851028,66524.90175004129,51429.18417405385,
2017-11-06,90300.0625975565,67498.12345502696,,40370.9657460524
2017-11-07,,,50931.10141388103,40594.2519700524
2017-11-08,88801.56298239385,,51360.96240399375,
2017-11-09,,67614.03833774744,52807.59270888244,
2017-11-10,88647.85851249943,68645.72870030283,,
2017-11-12,,,52109.390235765066,41420.44048625512
2017-11-13,86948.9720481958,68764.1053341405,52536.34952671581,
2017-11-14,,70067.70053408548,53686.42061910231,
2017-11-16,,,,42219.24521594156
2017-11-17,86835.04991168581,70451.96170882153,54001.0627104156,
2017-11-18,,69774.17426321935,53235.51968309545,41856.225313260366
2017-11-21,,70174.91787317795,53904.18576343893,42247.42062241273
2017-12-13,118113.90953520068,90705.05190195145,66589.93745920787,55697.56552251232
2017-12-17,,,66816.07014423342,
2017-12-18,117883.35283035906,90519.43646944917,,55285.89883646804
2017-12-19,116638.86327789456,89384.7358240521,,
2017-12-21,115532.57858491495,88509.97656156472,,
2017-12-22,114179.4924031068,,66812.08685274706,54457.89333301202
2017-12-23,116441.24324517316,86854.6396970645,,
2017-12-24,112909.37149422456,88467.02972438834,65998.35730624718,
2017-12-25,114759.53551574008,,,54326.55452901554
2017-12-26,111230.18305131311,86282.61796400644,,53102.94639613053
2017-12-27,110319.61972597202,,,
2017-12-28,,84919.5943811503,66044.25999861384,
2017-12-29,109099.83238047906,,64995.45302756956,53133.0845274824
2017-12-30,,83508.03814305778,,51676.12114898737
2017-12-31,107412.33269136664,81152.50524529497,,
2018-01-01,108285.86490136324,,,
2018-01-02,104669.89190176857,81294.90791593245,64979.01404683218,51106.51046643744
2018-01-03,105645.7645949414,,,
2018-01-04,101337.28078557889,78660.45850913909,63941.08209381416,
2018-01-05,104289.54868410826,80365.90001701175,,50637.647251549424
2018-01-06,101273.32449841536,,,49178.35893149296
2018-01-07,98546.4263737002,78012.54250316606,,
2018-01-08,,,63882.06434648558,
2018-01-09,98637.14214906926,77544.97092247882,,48781.138360275625
2018-01-10,98484.94458574244,,63149.70775463569,
2018-01-11,95577.2176729162,76204.71049294961,,47820.33473277872
2018-01-13,96721.86390165937,,,
2018-01-14,94968.77638744557,,,
2018-01-15,,90298.13455376556,64843.807742657984,55316.91286936888
2018-01-16,93002.21573021436,76302.67714815568,,47308.75365223173
2018-01-17,,89931.21864901841,,
2018-01-18,91827.15738710706,,,55093.57853330995
2018-01-19,93087.20526062656,88398.50130824668,66025.56639121461,54300.86435147442
2018-01-20,,83316.12770063023,63736.2271030869,
2018-01-21,90850.1628055997,86931.32196013985,,50280.08570194434
2018-01-22,,88450.15686896778,65480.90408184641,
2018-01-23,89515.83669543263,81985.80011491297,,53911.95758181453
2018-01-24,,87055.45672949776,,52772.44714177652
2018-01-25,,85202.09825712488,64728.59431034454,
2018-01-26,88978.51686790257,79738.65015825143,,46869.832866543904
2018-01-27,,82451.94223034063,,51853.36608807658
2018-01-28,,84304.79812109857,64597.394587858216,52497.88660707409
2018-01-29,88503.19548201057,81396.77511469307,,
2018-01-30,87380.92681579615,83111.55466844089,64808.87059620039,
2018-01-31,,81496.49599214777,,49831.026140914415
2018-02-01,,81653.58319778382,64350.558870772686,
2018-02-02,,79702.28766084753,,
2018-02-03,86628.22698528375,82077.49636882394,63991.24886752143,50144.83988054133
2018-02-04,,78672.72776622488,65260.12061744122,
2018-02-05,,,,46647.90662658939
2018-02-06,,78581.79245620541,,49953.85024155934
2018-02-07,,78532.28921051434,,49159.64599547225
2018-02-08,,84296.46031131723,,
2018-02-09,86676.82472208861,76875.00663737868,65556.0222707139,
2018-02-10,,,,47564.13585045145
2018-02-11,,77021.36405942183,,
2018-02-12,86658.7418432775,75996.64687361679,63641.39984263753,
2018-02-13,87991.70833849633,,,
2018-02-14,,84446.60300205188,,48078.56890323755
2018-02-15,87743.714571944,,65348.89111342303,46514.75088261669
2018-02-16,89352.02708737906,75822.13325768057,,47439.33133931381
2018-02-17,,,63223.5180963039,
2018-02-18,91021.47428907336,84112.93083351359,,
2018-02-19,89574.60605156874,,65008.111042737335,
2018-02-20,92881.06044217994,83198.45381935182,,47221.75535029429
2018-02-21,91107.1300308102,76396.84833030359,63398.56927608972,46544.34104794395
2018-02-22,94915.95534670788,,,
2018-02-23,93179.42794256324,,,46817.38916402434
2018-02-24,96888.8925980462,80242.99891485379,64509.023587550735,
2018-02-25,95251.72585431625,76905.13904779934,64092.21200893088,
2018-02-26,,81763.84564817822,,46662.70170925303
2018-02-27,98840.02656966966,78401.21322518453,,46649.65534043277
2018-02-28,97237.22594777597,,,
2018-03-01,100672.97292188655,79716.06247703983,64061.71892168686,
2018-03-02,98905.37151810071,79849.14612722083,64697.99085738754,
2018-03-03,102403.61079398502,80821.92193947762,,46688.59750003804
2018-03-04,100691.05580069768,79965.7310205252,,
2018-03-05,103790.46122892166,80691.3918356117,,
2018-03-06,102436.05360596965,82006.12566900911,64437.461857124494,
2018-03-07,105012.8638365526,80355.43766922367,63402.76870151423,46404.878422015696
2018-03-08,,,,46988.193527852985
2018-03-09,,82559.27063173101,64908.13507032115,
2018-03-11,106202.5269162308,83340.56098763781,,
2018-03-12,105374.52141277476,78815.9389760596,63684.44431376418,46396.07349689277
2018-03-13,,,,47185.46129670143
2018-03-14,,77944.08589052402,,
2018-03-16,106218.08770931298,84295.99319597567,,46396.07349689277
2018-03-17,,,63965.55088437324,
2018-03-18,,77525.82434491412,,47274.23179268325
2018-03-20,,84255.49054041025,,46297.37447908636
2018-03-21,105762.0116730128,,,
2018-03-22,,76661.0372582417,64483.37877760043,
2018-03-23,104705.45489676375,,,47695.30454214191
2018-03-24,,83953.35582404958,,46283.72265232436
2018-03-26,103418.8580693534,79697.25570190746,64690.44377871076,
2018-03-27,104452.29459340824,,65030.7968361549,
2018-03-28,,,,48116.37729160058
2018-03-29,102816.26992623479,79338.74294042727,64674.87792893988,46411.36626157996
2018-03-30,,82323.01266650978,,
2018-03-31,,81689.7353595923,,
2018-04-01,,,65190.057785226025,
2018-04-02,100996.89231624208,,,47561.87268033066
2018-04-03,,79418.0781862763,,
2018-04-06,100379.4738888755,81024.67001530799,,
2018-04-07,,79905.09188402651,65928.36518441536,47778.05933628867
2018-04-08,99371.00564748676,75266.52819227916,,
2018-04-10,,,64081.64609878337,
2018-04-11,,79333.9437778593,66175.59880261032,46667.265190678605
2018-04-13,99129.14714338818,75860.24937991054,,49010.18815854966
2018-04-14,,,63768.19076440754,
2018-04-15,,78427.1332476178,,
2018-04-16,98529.02160284451,,65790.14796479458,46853.22520927462
2018-04-17,,76996.10236562401,,
2018-04-18,,,63502.94239507966,48916.48596834664
2018-04-19,,78009.27665821309,,
2018-04-20,98386.78038648212,77263.49950030204,65664.51954358055,47086.379626529466
2018-04-21,,78155.98188020155,,
2018-04-22,,,63826.30327021879,
2018-04-23,,,,48694.55972839212
2018-04-24,,77264.37999281433,,47452.66451164278
2018-04-25,,77957.73130177637,,
2018-04-26,98159.45276714247,,64817.58253814577,
2018-04-28,,,,48436.70257339736
2018-04-29,,76375.66955040794,,47797.81757646112
2018-04-30,,78214.62629407832,,
2018-05-01,98059.09278974084,,64874.60264511382,
2018-05-03,,75651.56927958521,,48124.09996568983
2018-05-05,,78353.2649780309,65247.41818505754,
2018-05-06,97833.96094854256,,64638.72714556858,
2018-05-07,,,,48417.68430511445
2018-05-08,,,,48180.184021119785
2018-05-09,,74964.53355070848,65611.01966441913,
2018-05-10,97818.461338133,81870.58588018872,,
2018-05-11,,,64379.81319895499,
2018-05-12,,,,48621.87471153638
2018-05-13,,,65842.23979336125,48610.72092663153
2018-05-14,,75020.88507149514,,
2018-05-15,,81468.95562448936,,
2018-05-16,97707.38079686476,,64254.054996314095,48856.16957623571
2018-05-18,,78097.84053577844,65861.48402186521,48872.10072035574
2018-05-21,97528.19590682744,75600.83613959127,64069.11646301867,48714.11678425266
2018-05-22,,78275.74970462169,65714.60751207951,
2018-05-23,,,,49127.03137548297
2018-05-25,,78152.48099329887,,48605.27113844747
2018-05-26,97260.47536339024,,64009.936132364135,
2018-05-27,,,65483.39017835172,
2018-05-28,,77517.2574423445,,49552.67452288291
2018-05-29,,78382.27952287963,,48459.52866355574
2018-05-31,96942.73334999503,78027.00903643093,64611.78350206576,
2018-06-01,,79349.9423624551,,
2018-06-02,,,,48271.35483521456
2018-06-03,,79345.86429187185,63564.77820398478,49674.73395485789
2018-06-04,,80345.39939182537,65363.99539368496,
2018-06-05,,77551.752002033,,
2018-06-06,96407.22181034608,80236.92271431103,,
2018-06-07,,,,49008.80750635658
2018-06-08,,81126.13629529587,63730.94314499275,
2018-06-10,96121.2539982904,77779.22639798636,63126.45833902141,
2018-06-11,,,64215.48096065171,48042.59449487821
2018-06-12,95280.40013357386,81615.77398855981,,
2018-06-13,,,,50003.79476269688
2018-06-15,,78810.77243925641,63616.37543633298,48190.18181122425
2018-06-16,,81614.18910203766,,
2018-06-17,95113.7793216715,,,
2018-06-18,,,,49986.66361434951
2018-06-19,94276.80035955734,,,
2018-06-20,,80591.74126609183,63486.913782264295,48389.50854472113
2018-06-23,93861.04610386664,,,49986.66361434951
2018-06-24,,80656.56155717373,63961.11645710078,48600.82674767113
2018-06-25,,,62458.683457211184,
2018-06-27,92977.11243962952,,,
2018-06-28,,79871.02915920317,63642.57383265393,50098.35198347694
2018-06-29,,80659.24365483943,,48926.60897721906
2018-06-30,,,62182.27373824139,
2018-07-01,92523.9767705982,79268.38095079019,,
2018-07-02,,78432.37648122484,,
2018-07-03,,,,49803.234190488845
2018-07-04,91801.51257715674,82836.6788218387,,
2018-07-05,,,62106.30216297654,
2018-07-06,,78035.10443857365,,
2018-07-07,,77347.43978647386,,49461.94842469238
2018-07-09,91402.4837180583,82787.36187962655,,50362.78749362058
2018-07-10,,,62439.191522908295,
2018-07-11,,77227.39930729808,,
2018-07-12,,,63466.71012819886,49655.65677739655
2018-07-13,,,,50312.15543294947
2018-07-14,90927.12319173595,82420.96600895654,,
2018-07-15,,,62920.03170947642,
2018-07-16,,77488.02509093643,63231.75070129383,49793.013609314046
2018-07-17,,81731.68921662724,,
2018-07-18,,,,50536.89978388752
2018-07-19,90572.04120780874,,,
2018-07-20,,78121.62750278151,63450.18883825664,49899.77332642942
2018-07-21,,,62931.31649657093,
2018-07-22,,81338.50057020923,,
2018-07-24,90184.90321144366,79248.65858288732,,50654.77839989678
2018-07-25,,,63289.79111703444,49979.6780219199
2018-07-27,,79434.41668167949,,
2018-07-28,,80193.58081892942,,50722.03401933459
2018-07-29,89756.08065678022,,62419.443948436165,49979.6780219199
2018-07-30,,80720.27117534429,64187.47712432775,
2018-08-01,,80162.41857953313,,
2018-08-02,,,,49990.74707064584
2018-08-03,89266.0669318542,81616.55664857072,62163.9334070121,50999.30482777159
2018-08-04,,,64209.6697483232,
2018-08-06,88293.43408780171,80730.90382240793,,
2018-08-07,,,62047.70839538959,50645.38499557768
2018-08-09,88340.44957271058,,63985.524245969136,
2018-08-10,,80848.77803769046,,
2018-08-11,86935.69540822659,,62047.70839538959,50134.64470408323
2018-08-13,,,,51559.87407091595
2018-08-14,86226.69020311208,,63415.91356341922,
2018-08-15,,82635.38431779356,,
2018-08-16,,78870.18761249291,62183.30424228253,50145.21061423073
2018-08-17,85682.26638747763,,,
2018-08-18,,,63282.10026021702,51959.34130283407
2018-08-19,84441.32882906534,82450.04064395616,62391.518478769925,
2018-08-20,,,62535.50124719918,50284.32843117284
2018-08-21,,78738.44092401199,,
2018-08-22,,81895.55048434048,,
2018-08-23,83758.52628011125,,,52176.33584856737
2018-08-24,82886.37512514472,,62665.934775765105,50323.07010171366
2018-08-25,,81809.18884375987,,
2018-08-26,,79938.0537391987,,
2018-08-28,,,61672.96197864431,52245.379567664335
2018-08-29,83204.09004131891,,63438.886564810455,50497.407619147416
2018-08-30,,80985.92834476715,,
2018-08-31,,79504.14617100169,,
2018-09-02,83534.02038471797,,62653.36094352827,50608.34967569614
2018-09-03,84628.70076411463,,,51889.53886154924
2018-09-04,,80233.69424176597,,
2018-09-05,86321.82925911265,79300.41877945358,,
2018-09-06,85031.28275027774,,64081.64609878337,50691.11597185157
2018-09-07,88313.32525449392,,61514.49885643117,51314.15965883559
2018-09-08,,79511.90002276114,,
2018-09-09,88438.77522624598,,,
2018-09-10,88242.8020271306,79265.87142806378,,
2018-09-11,92381.55568979,,64032.33851809504,50656.47371740045
2018-09-12,89859.4113928437,,61514.49885643117,
2018-09-13,91324.12457654349,,,
2018-09-14,93717.84565916398,78917.94493089811,,
2018-09-15,96380.09749212944,80166.16640105269,63819.57009218361,50538.035652206156
2018-09-16,97779.71231210922,,,
2018-09-17,94774.33785370298,,61544.08902175844,49089.47462718298
2018-09-18,97988.19726781375,,,
2018-09-19,100864.134783604,78731.80881379964,63555.21516378733,51289.14648620009
2018-09-20,98032.87261546472,80775.77860339687,,
2018-09-21,,,,48742.56155214524
2018-09-22,101574.40443062031,78499.35879055464,62415.35073165315,
2018-09-24,104440.2393408675,,,49806.32447206529
2018-09-25,103001.14356881678,,,
2018-09-26,105720.35647003722,81233.87819994496,62747.21078015465,
2018-09-27,104750.66209379151,78396.69336362142,61776.70059919224,
2018-09-28,,,,49807.70492645062
2018-09-29,106926.63517739491,,62172.54266713228,
2018-09-30,,80802.90292161354,,
2018-10-01,,78389.6494235231,,
2018-10-03,107056.22914220786,,61890.87596757991,49964.14081385797
2018-10-05,,79132.89503927979,,
2018-10-06,,,61488.37552695631,
2018-10-07,105844.67626186358,78673.34256029199,,51916.76154896159
2018-10-08,,79552.17047051188,61714.23247239023,
2018-10-09,105158.95446273708,,,48625.022839873054
2018-10-10,,77967.69398551971,61325.4529660212,
2018-10-11,102617.41424345752,,,51765.872937381486
2018-10-13,102709.0355264835,76918.25641210435,61514.49885643117,
2018-10-14,,78759.4562786856,61214.76247876168,49569.93545265714
2018-10-15,102607.84095467516,,,51298.93385559987
2018-10-16,99981.56873205007,76243.00364807901,,
2018-10-17,100980.3818616754,74775.57803255756,,
2018-10-18,98567.91308852282,79261.33701069184,61238.87246495553,50626.79752426276
2018-10-19,100003.90640587556,74886.78773724589,,51016.76274101299
2018-10-20,97258.32263972226,73591.20265536764,,50283.65112924029
2018-10-22,97508.4691299426,,61294.52474163986,
2018-10-23,,79858.31093402562,61605.73519952358,51738.89457114592
2018-10-24,96212.21223832524,73099.97327472323,,50047.47594536636
2018-10-25,,,,49314.61267763558
2018-10-27,,80376.04053125312,61443.52281909803,
2018-10-28,95961.09135739204,,62298.63823760378,50934.59473727885
2018-10-29,,73155.0043434128,,
2018-10-30,,,,48454.91655991995
2018-10-31,96260.7504919761,,62626.59590331434,53160.208845699046
2018-11-01,,80733.52049124354,61587.42045253541,
2018-11-03,,,,48195.13982263274
2018-11-05,,80807.48186227604,61718.40419579251,47735.08248496034
2018-11-09,,80793.14241279016,61737.77503106293,47817.188411731535
2018-11-11,,80062.58519687728,,
2018-11-14,,79716.06247703983,61672.28315943437,48130.64374610738
2018-11-16,,78437.58734919231,,
2018-11-17,,79216.72539006908,,
2018-11-18,,,61503.38792429089,48754.03244480988
2018-11-19,,77367.88677925928,,
2018-11-20,,78157.7863952863,,
2018-11-21,,76472.52372676002,,
2018-11-22,,75535.50704809104,61301.93123747855,49527.69186561018
2018-11-24,,76390.42828204254,,
2018-11-26,,74976.35730730211,69383.52535012476,56015.38866697553
2018-11-27,126250.67315082272,94161.00915238031,,
2018-11-29,,73946.78203900067,,
2018-11-30,,,77663.3315837879,51219.411479226575
2018-12-01,126620.84031707364,94636.48249523711,61260.54808940085,61567.31989716887
2018-12-03,,72866.781104281,,51335.63649084908
2018-12-04,,,,52207.324078017846
2018-12-05,,,61591.61327402252,
2018-12-06,126173.44862131172,94496.07425976262,76622.7441031123,56678.98662891349
2018-12-07,,72853.11250623304,,
2018-12-08,125009.3367053778,,,52816.42923152095
2018-12-09,,,62122.42447428977,
2018-12-10,,73185.9386758793,75602.35308448545,53117.75333572742
2018-12-11,123951.28885141163,93675.80296592816,76661.4931291361,60399.68937772633
2018-12-13,124090.30098227203,,,
2018-12-14,122670.79499560002,,74445.72273667928,
2018-12-15,,93195.7025334932,75628.18576850134,59941.28839986473
2018-12-16,122107.03465619488,92096.12440271003,,
2018-12-17,,,,59038.4360935101
2018-12-18,,,74528.74673678594,
2018-12-19,120831.50789367013,,73101.30000767949,
2018-12-21,,91169.51596270852,,
2018-12-22,118730.01904897916,,,58707.92969507177
2018-12-23,,,72605.33119391103,
2018-12-25,117625.13995792397,89980.82500771829,,58069.710442915006
2018-12-26,118339.94552033956,,,
2018-12-28,,,71474.29017874955,
2018-12-30,116728.76101826978,89392.87311951711,,57845.31835584987
2018-12-31,,88434.1517629136,,
2019-01-01,,,71035.13455047978,
2019-01-03,,,70058.65909467993,
2019-01-04,115733.42770313835,87565.89959696811,,57828.05742607564
2019-01-06,,90704.43345603085,,61461.04881291412
2019-01-08,115075.45404555768,86250.28152189717,69570.42136677999,
2019-01-09,,,,57719.56015320899
2019-01-10,,93738.42439165563,,61114.0047148688
2019-01-11,,85062.28197109677,76872.2727635975,
2019-01-12,114223.4313439284,,,
2019-01-13,,,69190.68091174672,
2019-01-14,,94464.8012204322,72567.92510964614,59413.276953838176
2019-01-15,,84732.91524989445,,
2019-01-16,113821.35321506964,83702.19115766126,,
2019-01-18,,94034.76867742898,,60788.6041028125
2019-01-19,,,72229.2833133642,57472.975442148425
2019-01-20,,83204.91199035579,74759.76406047284,
2019-01-21,113222.49081679583,91932.83819232794,75854.80931313673,60160.89812030798
2019-01-22,,93439.9079361247,,59894.31720782825
2019-01-24,,82789.00577770028,71008.66598539965,57472.975442148425
2019-01-25,112940.119709207,92345.84707335162,,
2019-01-26,,,,59778.09219620575
2019-01-27,,92724.65451863976,73534.6137107468,59083.97059901583
2019-01-28,,91489.05350619076,,
2019-01-29,,83224.80315704801,70617.69625094342,
2019-01-30,,,,57492.70221903327
2019-01-31,112378.02037631709,91484.9210613331,72903.1244809312,58964.51711484825
2019-02-01,,90435.9199035574,,58422.048203696046
2019-02-03,,84204.63686176989,70482.60796823411,
2019-02-04,,90396.92581364467,71748.05109146776,57729.42354165141
2019-02-05,112071.5155804688,89647.62668568446,,58309.13718819912
2019-02-06,,,,57827.63356862021
2019-02-07,,,71200.42806066156,
2019-02-08,,87765.85741116952,68986.01560156643,
2019-02-09,,,,57823.12573185444
2019-02-10,111938.60642120717,88132.47517053294,,57740.33902525873
2019-02-11,,,70781.37232431155,
2019-02-12,,86630.18992936521,,57609.99476383888
2019-02-13,,88333.93185734528,70101.59956964059,
2019-02-14,,87256.54444801924,70053.02891814389,57835.76319829629
2019-02-15,112047.1036940738,,,57536.1486188368
2019-02-16,,87859.6708808973,,
2019-02-17,,87149.66215601146,69768.92333417776,
2019-02-18,,,69558.2632308587,
2019-02-19,,85809.67329579884,,57585.38020793459
2019-02-20,112527.9438806419,86241.88164814026,69141.30827141624,
2019-02-22,,86766.66770506545,,
2019-02-23,,,69513.96658574001,57040.32101398843
2019-02-24,,,68317.40207791452,57534.31164222167
2019-02-25,113506.88518355235,84711.58566177732,,
2019-02-26,,84083.30348014401,,
2019-02-27,,90081.3376327982,68341.22402664655,
2019-02-28,113728.81142350688,,69060.95236686638,57166.25790724455
2019-03-01,114973.67487008216,,,57803.63379755155
2019-03-02,,83173.54134130623,67781.47563543299,
2019-03-03,114868.03278860672,,,
2019-03-04,116283.66387267636,91225.49069211926,,57166.25790724455
2019-03-05,,,69651.79432142997,
2019-03-06,,82526.10039792254,67696.94835425299,57411.1904656781
2019-03-07,116481.92972249816,82642.42825789188,,
2019-03-08,117860.2733666133,,,
2019-03-09,,92347.45112744486,69073.1421994745,57166.25790724455
2019-03-10,,,67656.44569868757,
2019-03-11,118506.08196941661,82888.96616133355,67607.76907371412,57803.39895496958
2019-03-13,,,69000.81068423008,57168.01889226913
2019-03-14,,93106.9320375114,,
2019-03-15,120375.86493471963,83602.16509628981,68102.09711130579,
2019-03-16,119913.15597690598,,,57245.567734749086
2019-03-17,,82723.11256974583,,57308.8976942358
2019-03-18,,83529.9647102819,,
2019-03-19,121028.64356356623,93491.60418676592,68366.12266359467,
2019-03-20,,84556.618979614,68273.38578660139,
2019-03-22,,,68063.50807359445,57379.12252201317
2019-03-23,,84583.73814899258,68910.26703619093,
2019-03-24,120848.14718131564,89478.39214799613,,
2019-03-25,,,68095.84479463779,
2019-03-26,,84487.2022817827,,57587.80417955791
2019-03-27,119675.0647392264,86170.34163151655,,57032.65129684337
2019-03-28,,92571.84321450998,69383.97200780384,
2019-03-30,118412.27703558396,86435.59000084443,68391.74644791045,57766.75380062747
2019-03-31,119262.17233970609,90000.15314536,,
2019-04-01,117069.88920854758,90952.13392671496,69736.16901272051,56353.74041678719
2019-04-02,116007.25415370656,87597.84011706944,69174.37188580283,
2019-04-04,114596.78960644008,89028.84700276189,68670.38717140892,57805.49547116831
2019-04-05,116197.1243812232,,69885.51731409114,
2019-04-06,,,,55897.1817171804
2019-04-07,114149.23835586515,90022.15730214368,,57439.09263888374
2019-04-08,111613.1146026072,88984.66227289187,,57815.18088880352
2019-04-10,113240.57369560696,88575.52699725499,69417.33621880005,
2019-04-11,111107.74572635989,88281.55114537371,,55433.71988167751
2019-04-12,,89402.40735610951,69573.14351069814,
2019-04-13,108626.42578563912,87526.7200262107,,57811.4557281746
2019-04-14,110202.65005534072,86098.17260013314,69629.08435193989,
2019-04-15,107258.15462226524,90038.56536114195,69281.91725483912,
2019-04-16,109117.67732667422,91164.01089035318,,55006.09008012773
2019-04-17,,86224.7527518109,,57652.3736304593
2019-04-18,106616.02406114995,85181.26427453458,69276.71963416375,57353.64157640617
2019-04-19,,91317.04048898949,,
2019-04-20,,,69326.30250283003,
2019-04-21,106079.753686408,92142.84978209672,,56120.16516130891
2019-04-22,105028.68635551231,87569.2145610021,68952.33501177818,
2019-04-23,,,68974.98607335519,
2019-04-24,,,69337.92721063718,
2019-04-25,,92738.15540382823,68536.93821097925,
2019-04-26,,,,55884.803712891175
2019-04-27,104750.66209379151,84021.42351821123,68652.06945001584,
2019-04-29,,93171.35771987574,68328.95661123372,57097.28838897348
2019-04-30,,,,57212.04351788371
2019-05-01,,92267.52152036507,68565.39399706785,54237.784033033735
2019-05-02,105030.94671536372,84054.80729447788,,
2019-05-03,,,68051.64781157301,
2019-05-04,,93262.92894115408,68120.47544857953,56977.83250961413
2019-05-05,,,67922.97593404163,
2019-05-07,105773.9886446929,84054.80729447788,68188.26317611175,53869.31602193466
2019-05-08,,93106.905667976,,
2019-05-09,,,,56660.03472088382
2019-05-10,,92350.15170341171,67675.10963139069,
2019-05-11,,,68121.34574517758,
2019-05-12,106627.17174496246,84271.80184021118,,53491.125527942335
2019-05-13,,92018.86703500822,66922.40980087829,56388.65723424639
2019-05-15,,,67949.57332362438,
2019-05-16,,90931.6531091809,68341.4688732505,53071.08608584431
2019-05-17,107343.4278056784,,66838.84296754902,56075.03418701104
2019-05-18,,84289.88471902229,,
2019-05-19,,89901.49462107077,,
2019-05-20,,90193.5320433053,68614.42155206091,55815.52245180999
2019-05-21,,,66309.1209882589,54168.36022160329
2019-05-22,107824.75149167996,88228.46842087302,,
2019-05-23,,86481.05107279631,,
2019-05-24,,,68857.06675176404,
2019-05-25,,87864.63377835265,66168.25688189,55448.71051326758
2019-05-26,,,68490.76338598228,51986.11335717779
2019-05-27,108086.95323444104,87197.50952148082,,
2019-05-28,,84920.38084217964,,54996.72435695786
2019-05-29,,,69096.7553502943,
2019-05-30,,85798.15806984044,65835.0152580853,
2019-05-31,,,,53122.10892607016
2019-06-01,108151.0652593168,85467.04823732359,,54744.90349844244
2019-06-02,,83947.27866999584,68899.70112604341,
2019-06-04,,,65652.19030802754,
2019-06-05,,84299.20994433203,,50615.94779697608
2019-06-06,,84191.15588751213,68889.53501087762,54436.907217642816
2019-06-07,108348.33302816525,82871.67036655106,,
2019-06-08,,83677.18305833708,68529.18987687108,
2019-06-09,,,65556.0222707139,50118.41030283044
2019-06-10,,,,54163.77844032993
2019-06-11,,,,54106.50120225866
2019-06-12,108466.69368947433,83037.53671367446,,49327.930171944856
2019-06-13,,,68241.09272684924,
2019-06-14,,83371.45555171845,65297.10832410031,
2019-06-15,,,,53975.35304269951
2019-06-16,,,68291.37757353464,48984.65938846339
2019-06-17,108466.69368947433,82911.27068845971,,
2019-06-18,,,66624.95105981654,
2019-06-19,,,,51182.18536475276
2019-06-20,108448.6108106632,82291.7266103948,,
2019-06-21,,83637.38479678148,67575.66051068481,
2019-06-22,,,,53508.34376491568
2019-06-23,,,,53519.92877277036
2019-06-25,,83536.90423392139,,
2019-06-26,,,66965.47919966668,
2019-06-27,,,67180.51376132629,53251.58819759575
2019-06-30,,83764.17571855149,66653.66255968872,
2019-07-01,,,,52951.16415240184
2019-07-03,,,66257.6365941602,52824.735265095165
2019-07-04,,83718.39010791232,,
2019-07-05,,,,52519.19452587156
2019-07-06,,83416.21563206386,,
2019-07-08,,83528.20372525732,66115.09107910361,
2019-07-09,,,,52219.43085006185
2019-07-12,,,65924.02776450303,51585.03599495569
2019-07-13,,83313.36355225815,,51608.07489934313
2019-07-15,,,,51358.88149317357
2019-07-16,,,65796.84551272755,
2019-07-17,,83016.91152516115,,
2019-07-18,,,,50674.44531361885
2019-07-19,,,65585.42726174503,
2019-07-20,,82746.97515829874,,
2019-07-21,,,65543.26366918755,
2019-07-22,,,,50159.87224118671
2019-07-24,,82567.54005263592,,
2019-07-25,,,65335.46743628671,
2019-07-26,,,,49727.85716340448
2019-07-28,,82217.34385228156,,49077.55055075477
2019-07-30,,,65239.20318731053,
2019-07-31,,,,49007.921141097206
2019-08-01,,82017.19471773505,,48914.28208204695
2019-08-02,,,65189.65787625121,
2019-08-03,,,,48277.81178030469
2019-08-05,,81727.55460940595,,
2019-08-06,,,,48172.655817408144
2019-08-07,,,,47697.67151644119
2019-08-08,,81507.80857006487,,47583.22897275118
2019-08-09,,81520.6807972323,64616.9818869993,
2019-08-12,,,,47453.16765022124
2019-08-14,,81317.8153224003,,46855.4390190198
2019-08-15,,,63546.30665131004,
2019-08-17,,,,46817.95510219028
2019-08-18,,80929.60059884828,,
2019-08-20,,,63467.6050368324,46154.58375052159
2019-08-22,,80836.49618696679,,
2019-08-23,,,62812.11135644528,45958.700426839685
2019-08-26,,80487.82115209929,,
2019-08-27,,,62222.04591282335,45588.67451628924
2019-08-29,,80112.1078829313,,
2019-08-30,,80239.20163610755,,
2019-08-31,,,62338.286887597525,45321.45334974822
2019-09-01,,,61707.83828564502,
2019-09-02,,79628.4505946403,,
2019-09-05,,79381.8387002312,61328.220228202685,45253.19421593819
2019-09-07,,78579.33266759965,,45048.688579636655
2019-09-09,,78854.75653504711,61025.52431881223,45323.29819120257
2019-09-11,,78463.41512955286,60742.94205411576,
2019-09-12,,77619.09269062326,,
2019-09-13,,,,45508.88924150768
2019-09-15,,76931.42944626632,60031.38054224166,
2019-09-16,,77192.47310431051,,
2019-09-18,,,,45454.60063976372
2019-09-19,,76085.10702135168,,
2019-09-20,,,59559.43655565333,
2019-09-22,,76169.04730752349,59717.78763828549,46010.41777650904
2019-09-23,,75264.42930039503,,
2019-09-24,,75839.55475905299,58983.59445261456,
2019-09-26,,,,46158.34051857403
2019-09-27,,74846.29598477216,,
2019-09-28,,74151.89627512105,58686.86847597227,
2019-09-29,,74212.59294521139,,45703.81339196465
2019-10-01,,,,46241.10681472944
2019-10-02,,,58502.58342826011,
2019-10-03,,74163.59612658621,,
2019-10-05,,,,46123.12081808236
2019-10-06,,73906.07796357949,58328.50802346956,
2019-10-08,,73703.27819711383,,
2019-10-10,,74054.10429299889,,45944.90019715209
2019-10-11,,,58328.50802346956,
2019-10-13,,,58008.76638873416,
2019-10-14,,74226.68082540805,,45922.36852527986
2019-10-15,,,58384.468214250766,
2019-10-18,,,,45658.22077159233
2019-10-19,,74139.77891934349,,
2019-10-20,,,58511.96122808938,
2019-10-21,,,,45475.94389202449
2019-10-23,,74675.73200667682,,45457.46847878986
2019-10-24,,,58360.05529715362,
2019-10-27,,74767.30322795514,,45177.4718598811
2019-10-28,,,58405.99136455123,
2019-10-30,,74244.46825947173,,
2019-10-31,,74688.25456685162,,44929.86308512183
2019-11-01,,,58212.283011847074,
2019-11-04,,74182.46053479073,58037.25007622672,44525.25861682884
2019-11-06,,,57711.06264922503,
2019-11-08,,73592.72621655805,,43992.47568708855
2019-11-09,,73507.96148287941,,
2019-11-10,,,57181.32411245487,
2019-11-11,,,,43746.57715140705
2019-11-12,,,,43545.79344996001
2019-11-13,,72655.8821834797,,
2019-11-14,,,56453.05897228829,42917.62493476221
2019-11-15,,,56954.86995151086,
2019-11-17,,71846.70678769611,,
2019-11-18,,71430.64298752921,,42641.54983712669
2019-11-19,,,55959.98316540496,42485.15670530967
2019-11-21,,,,42185.76547782276
2019-11-22,,71406.58909318244,,
2019-11-23,,,55692.31344166829,
2019-11-24,,71063.44858267791,,
2019-11-25,,,,42185.33817998591
2019-11-26,,,55815.52245180999,
2019-11-27,,70997.32788532422,55733.95555813196,
2019-11-28,,71558.78851316428,,
2019-11-29,,,,42068.85700849513
2019-11-30,,,55930.39861699195,
2019-12-01,,71946.20521857262,,
2019-12-05,,71253.68107275694,55587.65295186979,
2019-12-06,,,,41915.482955459214
2019-12-28,,88169.84948799587,63147.76793522011,50528.17851536644
2020-01-01,,88128.96857592539,62822.509574970405,50272.53725534053
2020-01-02,,,63458.25740008087,
2020-01-05,,88971.40843624444,,49902.19468083824
2020-01-06,,,63769.77565092966,
2020-01-09,,,,49605.17520669184
2020-01-10,,89166.8777739732,63973.16942126904,48778.68623515405
2020-01-11,,88457.82831824027,63591.569137268496,49200.186031671736
2020-01-12,,,,48212.46181955724
2020-01-14,,89059.45768747362,,
2020-01-15,,,64120.38776932421,47789.634175464525
2020-01-17,,,,47399.074345382985
2020-01-18,,88834.05160432696,,46465.25505142998
2020-01-19,,,63851.040916992686,
2020-01-21,,,,45617.36591902202
2020-01-22,,88400.86094325522,63705.50388723859,46244.98098178352
2020-01-23,,88536.44513517237,63657.33256428852,
2020-01-26,,,,45185.16462100348
2020-01-27,,88333.93185734528,,
2020-01-28,,,63442.40853485961,
2020-01-29,,,,44509.35414155418
2020-01-30,,87834.84798390747,,
2020-02-01,,,63233.88719047807,43910.149637189286
2020-02-02,,87631.80138095711,63192.79751237319,
2020-02-03,,87342.79078600896,,
2020-02-04,,,62737.08223883678,43698.22486665087
2020-02-06,,,,43183.282104185055
2020-02-07,,86900.49004733443,62427.861037571536,
2020-02-08,,86125.65663651776,,
2020-02-10,,,61870.94952354705,43032.00510493037
2020-02-11,,86039.56403531591,,
2020-02-12,,86029.59395950276,,
2020-02-13,,85201.02209960987,61886.61698593039,42554.191168260106
2020-02-14,,,61632.61906816637,
2020-02-15,,,,42741.50989274235
2020-02-16,,,60974.0106689722,
2020-02-17,,84687.65975309905,,42351.25860828431
2020-02-18,,84277.9769645703,,
2020-02-19,,,60788.6041028125,
2020-02-21,,83973.07256709269,60193.64273379254,
2020-02-22,,,,42152.099587646895
2020-02-23,,,60458.36351309109,
2020-02-24,,83401.63292661539,,
2020-02-25,,,60013.77069199583,
2020-02-26,,83359.24825707881,,42061.49292059361
2020-02-28,,83200.66051068481,59546.16747058872,
2020-03-01,,,,42254.23671907272
2020-03-03,,82872.83972451236,59322.23187284195,
2020-03-06,,,,42715.61479551357
2020-03-07,,,59000.67600735302,42086.38508041436
2020-03-08,,83119.65519955399,,
2020-03-09,,,59062.66282595749,
2020-03-10,,,,43279.130003380254
2020-03-11,,,58823.847953955934,
2020-03-12,,83214.74839088148,,
2020-03-13,,82761.09081973584,,
2020-03-15,,,58552.65626017012,43782.771720411096
2020-03-17,,83394.36886338898,,
2020-03-18,,,,43254.21626760776
2020-03-19,,,58337.11728358975,44226.53994660609
2020-03-20,,,58350.57063864442,
2020-03-21,,83577.51130594563,,
2020-03-22,,,57882.97881224997,
2020-03-23,,,,44458.989969851085
2020-03-24,,83045.92769466105,,
2020-03-25,,83735.99995815815,,
2020-03-26,,,57672.66688645689,
2020-03-28,,,57041.73110907758,44375.04968367929
2020-03-29,,,,43909.34107993575
2020-03-30,,83979.01589155065,,
2020-03-31,,,57101.3574871867,
2020-04-01,,,56849.86759782775,43823.44208883599
2020-04-02,,,56065.348769375865,
2020-04-03,,84051.04447512067,,
2020-04-05,,,,43465.11711405356
2020-04-06,,,55416.279039064844,42705.18434575257
2020-04-07,,84915.859924629,,
2020-04-08,,,55399.66061441915,42940.89570518999
2020-04-09,,,54535.05278301293,
2020-04-10,,,,42078.138216614396
2020-04-12,,85285.6667797915,53967.42861008889,
2020-04-14,,84527.07944427223,,41286.57544806418
2020-04-15,,,,41253.23722125808
2020-04-16,,85539.2486233315,53441.9115588796,
2020-04-18,,,,40319.32852647317
2020-04-20,,85498.04157375626,52253.1638615089,
2020-04-21,,,,39583.35073228717
2020-04-24,,85044.7640284285,51555.17262391379,39320.877967504
2020-04-25,,84641.0141942423,,39219.179029203326
2020-04-26,,,,38612.22619073028
2020-04-27,,84504.62357967762,51315.09982799148,
2020-04-28,,,51277.52398503783,
2020-04-30,,82902.3496475204,,38594.792438986886
2020-05-01,,83956.12308623106,,
2020-05-02,,81743.2900218105,51557.01746536813,38140.22350464111
2020-05-03,,82677.64795838356,,
2020-05-04,,81926.38160417389,,38355.02201889397
2020-05-05,,81767.21870067396,,
2020-05-06,,79160.71139141211,,37957.43325908935
2020-05-07,,80688.90887062077,52048.83542580536,
2020-05-08,,79116.22403425137,51400.55089046905,
2020-05-09,,79361.3609600882,,
2020-05-10,,77536.62827761492,,
2020-05-11,,77583.11828226392,52638.765409040745,37760.20293633602
2020-05-12,,75123.02220292098,,
2020-05-13,,77175.55797408275,,
2020-05-14,,73970.96726315409,,
2020-05-15,,75443.69194127235,53177.62682656325,37566.91536263099
2020-05-16,,72746.22071524084,,
2020-05-18,,73744.92563653989,52596.86576515497,
2020-05-19,,72902.86772702952,,37587.1861576707
2020-05-20,,72294.88025344012,53639.27582377712,
2020-05-21,,70557.62218497747,,
2020-05-22,,71844.71758822678,,
2020-05-23,,71194.61681008044,,
2020-05-24,,69778.60875181296,53821.220511337306,37408.00593141935
2020-05-26,,,,37187.190831700544
2020-05-27,,69658.59457317571,54163.77844032993,
2020-05-28,,69401.58185804967,,37408.00593141935
2020-05-29,,,53365.92532745309,
2020-05-31,,,52804.29800135159,
2020-06-01,,,,37408.00593141935
2020-06-02,,69803.08644365468,,
2020-06-04,,69776.67166828593,52241.76111849857,
2020-06-05,,,,37130.223456715496
2020-06-06,,69894.24536577634,,37447.767119606
2020-06-08,,,51701.26100657819,
2020-06-09,,70551.5050791026,52084.1593902896,
2020-06-10,,71516.3571597148,,37594.57766060284
2020-06-11,,,50940.84041962343,
2020-06-13,,72140.37478164036,,
2020-06-15,,72682.29695884846,50411.46512604908,37720.09161077607
2020-06-16,,70815.03228537209,49797.890183228286,37244.15820668562
2020-06-17,,73552.04746249017,,
2020-06-19,,,,37822.54180620627
2020-06-20,,,49541.28543422099,
2020-06-21,,74209.07097516222,,
2020-06-23,,,,37962.01182015328
2020-06-24,,72981.69144730328,49300.67926980949,
2020-06-25,,,49410.761864205735,
2020-06-26,,74577.11684530014,,
2020-06-27,,,,37585.96245659588
2020-06-28,,,49495.40714015947,38159.77882405696
2020-06-30,,74756.73731780764,,
2020-07-02,,,50111.75189876364,38348.37193454687
2020-07-04,,74504.12475868885,,
2020-07-06,,,,38593.14885296395
2020-07-07,,,50249.73431352696,
2020-07-08,,,,38070.18514396873
2020-07-09,,74640.51230618515,,
2020-07-11,,,51557.01746536813,38816.79395108603
2020-07-13,,74478.50168392347,,
2020-07-15,,74130.53350950166,52304.17825436992,39003.458363691854
2020-07-16,,,50973.29557808122,
2020-07-17,,74283.03234619473,,
2020-07-19,,,52779.64421100743,38909.5539164351
2020-07-22,,74071.71414324471,,
2020-07-24,,,53055.766662862094,39336.787671916565
2020-07-26,,73813.68876269637,,
2020-07-28,,,52817.48555566436,39362.69930870687
2020-07-30,,73676.02080822084,,38839.24470626682
2020-08-01,,,52670.46313948324,39355.65536860854
2020-08-03,,73290.54118633954,,
2020-08-05,,,52456.72358212444,
2020-08-06,,73133.60444726338,,39233.47655047436
2020-08-07,,73019.90294499001,,
2020-08-08,,,52157.40703354101,
2020-08-09,,,,38839.24470626682
2020-08-10,,,,39200.68868644521
2020-08-12,,72684.14180030278,51742.42403152783,
2020-08-15,,,51260.57450417621,39035.15609413436
2020-08-16,,72409.34428003804,,
2020-08-17,,72279.09382248772,,
2020-08-18,,,51372.06720297656,
2020-08-19,,,51034.50805164532,38896.03827719229
2020-08-20,,72109.97682585887,,38696.82626880423
2020-08-23,,,50816.14590859698,38753.39849020103
2020-08-24,,71858.15596734345,,
2020-08-27,,71623.96901015972,50736.16011511197,38587.587847623145
2020-08-29,,71678.53549483595,50574.52395318591,
2020-08-31,,,,38279.6984224362
2020-09-01,,,50657.65725638448,
2020-09-02,,71477.78320203345,,
2020-09-04,,,,37934.540453769776
2020-09-05,,,50657.65725638448,
2020-09-07,,71217.92007009451,,
2020-09-09,,,50658.2125025296,37636.93398461519
2020-09-11,,71190.74264302636,,37557.47876910333
2020-09-13,,,,37353.41539565727
2020-09-14,,,50812.62393854783,
2020-09-15,,71152.00097248552,,
2020-09-17,,,,37253.03924925602
2020-09-18,,70769.45838538406,50941.76284035061,
2020-09-20,,71035.77596086303,50517.55657820089,
2020-09-22,,,51039.2627112117,37111.46324558195
2020-09-24,,71116.78127199385,,
2020-09-26,,,,37474.92336235351
2020-09-27,,,51247.5872396199,
2020-09-28,,71190.74264302636,,
2020-09-29,,70684.00732290649,,
2020-09-30,,,,37872.90597790935
2020-10-01,,,51261.00562845244,
2020-10-02,,,,37272.64189417812
2020-10-03,,71314.0115947472,,
2020-10-05,,,,38358.93784469436
2020-10-06,,,51855.12707310119,
2020-10-07,,71430.2366063697,,
2020-10-09,,,,38809.750010987686
2020-10-10,,70940.3605103392,52187.95324274742,
2020-10-11,,71622.18397404929,51656.90407790177,
2020-10-13,,,,38755.3811492135
2020-10-14,,,52408.16905424268,
2020-10-16,,71794.76050645845,,
2020-10-18,,,,39588.10539185355
2020-10-19,,,52439.77410126284,
2020-10-20,,71664.68098971085,,
2020-10-22,,,52112.64307778209,39817.03344504937
2020-10-23,,,52333.69571763912,
2020-10-24,,,,39238.01633116213
2020-10-25,,72257.89956792387,,
2020-10-27,,,51907.53734168995,39887.47284603272
2020-10-29,,72515.00338151304,,
2020-10-31,,71652.45269765225,51587.45734936452,39887.47284603272
2020-11-02,,72779.15113520055,51055.89416187376,
2020-11-04,,,,39548.502744851176
2020-11-06,,,50801.55488982187,
2020-11-07,,73038.0159338143,50189.989947713,
2020-11-08,,,49606.07857844018,
2020-11-09,,,,39887.47284603272
2020-11-11,,72539.71248618542,49977.39910012338,
2020-11-13,,,,39968.184659659455
2020-11-14,,,49605.17520669184,
2020-11-15,,73446.56445951763,,38896.21208125187
2020-11-17,,,,39887.47284603272
2020-11-18,,,49388.071053198895,
2020-11-19,,73630.17649808085,,
2020-11-21,,,49837.62522993685,39973.25797365884
2020-11-22,,72442.87502556972,,
2020-11-26,,,49321.24170351494,39380.43476862475
2020-11-28,,73190.57182224843,,
2020-12-24,,,72706.34913487555,55274.33238945206
2020-12-25,,90432.6973177218,,
2021-01-03,,91605.27578616394,,54412.70084280326
2021-01-04,,,72620.89807239798,
2021-01-08,,,,52767.76789011012
2021-01-14,,,71054.29526030927,
2021-01-15,,92616.44669214849,,50840.37170311611
2021-01-24,,,,49484.00563204364
2021-01-26,,92209.53687082676,70114.33357305606,
2021-02-04,,,,50204.23601578313
2021-02-05,,90836.21622386583,,
2021-02-06,,,70456.13782296632,
2021-02-10,,89212.6460367921,,
2021-02-14,,,,51486.00195294662
2021-02-16,,,71054.29526030927,
2021-02-20,,88685.69781818043,,
2021-02-25,,,,52682.31682763255
2021-02-27,,,71310.64844774199,
2021-03-03,,88913.56731812061,,
2021-03-08,,,,52938.67001506526
2021-03-10,,,71538.51794768215,
2021-03-14,,90032.19940873602,,
2021-03-19,,,,53451.37638993064
2021-03-21,,,71823.35482260736,
2021-03-24,,91818.90344235786,,
2021-03-30,,,,54455.42637404206
2021-04-01,,,72706.34913487555,
2021-04-03,,94245.71361672076,,
2021-04-08,,,,56240.188338062144
2021-04-12,,96604.16294110156,73988.11507203904,
2021-04-18,,,,57792.29036379099
2021-04-21,,98415.72546562598,,
2021-04-22,,,75127.46257173995,
2021-04-30,,,,59375.98338837523
2021-05-01,,100079.17281518926,,
2021-05-03,,,75896.52213403804,
2021-05-10,,,,59689.30395079296
2021-05-12,,100734.29762751726,,
2021-05-14,,,76466.19588388846,
2021-05-21,,,,59660.82026330047
2021-05-23,,100876.71606497988,,
2021-05-25,,,76978.90225875386,
2021-06-01,,,,59347.49970088271
2021-06-03,,100307.04231512942,,
2021-06-05,,,77349.19019615668,
2021-06-12,,,,58806.309638524806
2021-06-14,,99594.95012781638,,
2021-06-15,,,77890.38025851457,
2021-06-24,,99509.49906533882,,59328.51057588769
2021-06-26,,,78858.8256332603,
2021-07-03,,,,61090.701375425066
2021-07-05,,100250.0749401444,,
2021-07-07,,,80283.01000788642,
2021-07-11,,,,63563.08544977597
2021-07-16,,101247.00400238266,,
2021-07-18,,,81821.12913248263,
2021-07-19,,,,65424.01969928743
2021-07-27,,102101.51462715832,,
2021-07-29,,,82931.99294469098,
2021-07-30,,,,67351.41588628141
2021-08-07,,102785.12312697884,,
2021-08-09,,,83900.43831943671,
2021-08-10,,,,68576.21444845985
2021-08-18,,103611.150064262,,
2021-08-19,,,84754.94894421239,
2021-08-21,,,,69658.59457317571
2021-08-28,,104437.17700154516,,
2021-08-30,,,85068.26950663014,
2021-09-01,,,,70513.10519795137
2021-09-09,,105448.34790752966,,
2021-09-10,,,85410.0737565404,
2021-09-12,,,,71538.51794768215
2021-09-18,,106977.92192587812,,
2021-09-21,,,86378.51913128614,
2021-09-23,,,,72763.3165098606
2021-09-25,,109668.68093767168,,
2021-09-30,,112403.1149369538,,
2021-10-02,,,87959.36378712111,
2021-10-03,,,,74153.83834472281
2021-10-06,,115078.68264875138,,
2021-10-11,,117356.5638285105,,
2021-10-12,,,90094.34563599245,
2021-10-14,,,,75876.17664297193
2021-10-16,,119355.50832575356,,
2021-10-21,,,92360.09350471575,
2021-10-25,,,,76095.90794648568
2021-10-27,,119309.73097085489,,
2021-11-02,,,93912.45447305824,
2021-11-05,,,,75355.33207168011
2021-11-06,,117945.56579487372,,
2021-11-12,,,95873.94477083872,
2021-11-16,,,,75497.75050914273
2021-11-17,,117830.206860529,,
2021-11-18,,,97330.49697216088,
2021-11-22,,,,75925.00582153056
2021-12-16,,143013.5844289175,123692.14974649005,
2021-12-17,,,,108811.45758075388
2021-12-22,,145191.63706584572,,
2021-12-23,,,124937.29379973459,
2021-12-27,,,,109792.11025013927
2021-12-28,,147426.18234963407,,
2021-12-29,,,128349.2326515174,
2022-01-02,,149827.96756998566,,
2022-01-07,,,130391.51304473124,109934.5286876019
2022-01-09,,151891.00036408688,,
2022-01-16,,154155.45351974238,132436.64180669433,
2022-01-19,,,,110554.04889056424
2022-01-23,,156514.85230037296,,
2022-01-24,,,134664.06616860954,
2022-01-29,,,,112170.49815576489
2022-02-01,,158692.90493730115,,
2022-02-03,,,136455.4311692756,
2022-02-07,,,,114164.35628024142
2022-02-10,,160692.4597992762,,
2022-02-14,,,138389.73249263142,
2022-02-19,,,,114524.47147211117
2022-02-20,,162867.5777532506,,
2022-02-25,,,138133.37930519873,
2022-02-27,,,,112891.13544932568
2022-03-01,,164554.8478232622,,
2022-03-07,,,137107.96655546792,
2022-03-08,,,,111643.54993715322
2022-03-13,,165477.71929801992,,110515.59591244934
2022-03-19,,,137172.0548523261,
2022-03-20,,163747.3352828492,,
2022-03-24,,,,110789.03931237756
2022-03-25,,161205.1661741416,,
2022-03-27,,,139158.79205492954,
2022-03-31,,158470.7321748595,,
2022-04-01,,156488.26752537995,,
2022-04-03,,,,111814.45206210836
2022-04-04,,,141361.53055435122,
2022-04-06,,154426.04855092135,,
2022-04-12,,151976.45142656445,,
2022-04-14,,,141771.15310781513,112213.22368700366
2022-04-18,,,139607.41013293675,
2022-04-20,,149811.69117713277,,
2022-04-22,,,137400.9416268196,
2022-04-23,,,135256.526868454,
2022-04-25,,,,111301.74568724296
2022-04-27,,,132873.39168157964,
2022-04-28,,,130296.29614654196,
2022-05-01,,148700.82736492442,,109630.70268768164
2022-05-02,,,127413.1551034677,
2022-05-05,,,124085.22463388684,
2022-05-07,,,121748.13807512542,
2022-05-10,,,119382.9747386928,108709.73012542343
2022-05-11,,147589.96355271607,,
2022-05-13,,,117390.13388876956,107114.6436258422
2022-05-20,,,,105298.80854819392
2022-05-21,,,115198.31413621995,
2022-05-22,,146141.36458881063,,
2022-05-26,,,,102671.18837700876
2022-05-31,,144798.5621784489,113889.69215084924,100496.9335650796
2022-06-06,,,,98484.08631560804
2022-06-11,,143553.41812520436,112811.38112434663,
2022-06-12,,,,96582.80017548216
2022-06-21,,,,95194.22041022172
2022-06-22,,142320.48136659947,112441.09318694382,
2022-06-26,,,,93938.0897918015
2022-07-02,,141014.30084015668,,
2022-07-03,,,112896.8321868242,
2022-07-06,,,,93300.055191969
2022-07-09,,139876.58097974106,,
2022-07-13,,,112754.41374936156,
2022-07-17,,,,92303.12612973076
2022-07-18,,138914.64616213646,,
2022-07-24,,,111529.61518718314,
2022-07-25,,137425.35621609888,,
2022-07-28,,,,91761.9360673728
2022-08-01,,,109592.72443769164,
2022-08-03,,136367.39068066236,,
2022-08-08,,,,90935.90913008968
2022-08-10,,134666.50762753747,108268.23296928935,
2022-08-15,,,106687.38831345436,
2022-08-16,,132493.60918167938,,
2022-08-17,,,,89224.29845440268
2022-08-20,,130314.60708850143,,
2022-08-24,,,105046.7279138851,
2022-08-26,,128069.14305784092,,88087.54038083747
2022-08-30,,,,86423.27921163154
2022-08-31,,125467.63293352391,,
2022-09-02,,,102739.5492269908,
2022-09-05,,123136.71784038589,,
2022-09-07,,,,84868.88369418248
2022-09-11,,120820.99404724385,101588.80825229292,
2022-09-15,,,,82818.05819472088
2022-09-20,,118878.40656025385,,
2022-09-22,,,101816.67775223312,
2022-09-24,,,,80761.53595776079
2022-09-27,,116846.57018578723,,
2022-10-03,,,102585.7373145312,78556.89854583959
2022-10-07,,115046.05587944176,,
2022-10-12,,,,76468.78531002413
2022-10-13,,,101688.50115851677,
2022-10-15,,113779.82649909238,,
2022-10-19,,112131.84172273932,99704.81577957324,
2022-10-21,,,,75113.22072799367
2022-10-24,,,97202.32037844454,
2022-10-26,,,,74173.25904074044
2022-10-27,,110789.03931237756,,
2022-11-02,,,94929.32211654128,
2022-11-06,,,,73931.14769705402
2022-11-08,,110732.07193739252,,
2022-11-10,,,94154.56581674468,
2022-11-12,,,,74045.08244702409
2022-12-08,,130528.23474469536,,82761.09081973584
2022-12-10,,,104001.78349273089,
2022-12-18,,129630.9985886809,,
2022-12-19,,,102281.91131461096,83245.31350710872
2022-12-23,,127679.86599544316,,
2022-12-26,,125700.24971471286,99787.21501839093,
2022-12-28,,,97678.404869391,
2022-12-30,,,,82931.99294469098
2023-01-01,,123568.72043402246,,
2023-01-02,,,95813.74061318408,
2023-01-06,,121320.8827627376,,
2023-01-08,,,93741.5523481031,81393.8738200948
2023-01-11,,119111.9727976925,,
2023-01-15,,,,79229.11357066312
2023-01-17,,117074.43968572744,91629.01219240772,
2023-01-19,,,,76907.69304002257
2023-01-23,,114909.67943629574,,
2023-01-24,,,89362.18539612784,74595.76707187953
2023-01-29,,112839.86481183914,,
2023-01-30,,,,72036.98247880128
2023-02-01,,,87356.45906852941,
2023-02-04,,,,69721.25868565927
2023-02-07,,111323.10845286236,,
2023-02-09,,,85959.40201532474,
2023-02-15,,,,68804.08394840005
2023-02-18,,111594.7207585946,,
2023-02-20,,,85125.23688161519,
2023-02-26,,,,68690.14919842995
2023-02-28,,112775.77651498096,,
2023-03-03,,,84555.56313176473,
2023-03-08,,,,68832.56763589257
2023-03-12,,113523.47331165968,,
2023-03-14,,,84071.34044439186,
2023-03-19,,,,68576.21444845985
2023-03-23,,112896.8321868242,,
2023-03-25,,,83843.47094445169,
2023-03-30,,,,68291.37757353464
2023-04-03,,112127.7726245261,,
2023-04-05,,,82907.57835541168,
2023-04-10,,,,67062.50991314297
2023-04-13,,111814.45206210836,80898.2576577249,
2023-04-16,,,,65158.1719493572
2023-04-22,,,78792.36369577778,
2023-04-24,,111615.0662496607,,64201.120049608464
2023-04-28,,,,62402.37518445571
2023-04-30,,,76494.67957138101,
2023-05-05,,110544.8934195845,,
2023-05-06,,,,61251.83766466848
2023-05-09,,108880.63225037858,,
2023-05-10,,,75925.00582153056,
2023-05-14,,106619.02746347232,,
2023-05-18,,,,60600.781950553705
2023-05-19,,103662.42070174852,,
2023-05-21,,101360.93875235275,76907.69304002257,
2023-05-25,,99680.40119029395,,
2023-05-28,,97480.03633149662,,60543.81457556863
2023-06-01,,95301.03423831868,78374.60294588745,
2023-06-07,,93207.48320761832,,
2023-06-08,,,,60145.04295067332
2023-06-12,,91135.29494253734,77387.16844614668,
2023-06-19,,,75507.24507164024,58834.79332601733
2023-06-21,,88964.83795560714,,
2023-06-28,,,73327.29352221254,57662.89304061068
2023-06-30,,87631.80138095711,,
2023-07-07,,,71438.82504145833,
2023-07-09,,,,57011.83732649591
2023-07-11,,87866.79180277043,,
2023-07-18,,89853.52900537384,70313.7193855037,
2023-07-20,,,,56527.61463912303
2023-07-26,,92075.25662979056,,
2023-07-29,,,69373.75769825047,
2023-07-31,,,,56214.29407670529
2023-08-04,,93503.51010262988,,
2023-08-09,,,69373.75769825047,
2023-08-10,,,,55900.97351428756
2023-08-16,,92990.80372776448,,
2023-08-19,,,70627.03994792144,
2023-08-21,,,,55530.685576884745
2023-08-24,,91408.73834246554,,
2023-08-31,,,70993.258787111,
2023-09-01,,,,55046.462889511895
2023-09-03,,90622.58856767192,,
2023-09-09,,,70000.39882308597,
2023-09-12,,,68091.99176108697,54533.75651464649
2023-09-14,,89796.5616303888,,
2023-09-17,,,65756.32938670018,
2023-09-23,,,63582.07457477099,53512.412863128906
2023-09-25,,88693.83601460686,,
2023-09-29,,,61633.31562215762,
2023-10-01,,,,51998.708327812026
2023-10-03,,86862.74181865902,,
2023-10-08,,,,49833.948078380345
2023-10-09,,,60515.33088807613,
2023-10-10,,84451.12294429216,,
2023-10-11,,,,47612.22045396365
2023-10-13,,82219.90075737794,,
2023-10-16,,,,45611.24140761394
2023-10-18,,80154.83341417008,,43111.79783014514
2023-10-20,,,59860.20607574811,
2023-10-22,,77878.17296387494,,
2023-10-23,,,,41280.7036341973
2023-10-27,,76813.69687129726,,
2023-10-29,,,,40064.0432684453
2023-10-31,,,60486.84720058358,
2023-11-04,,77064.35332123144,,
2023-11-05,,,,40206.46170590789
2023-11-06,,,60885.61882547892,
2023-11-30,,102984.50893942652,,
2023-12-02,,,76364.46842855803,62737.05851249283
2023-12-04,,105149.2691888582,,
2023-12-08,,107900.79340063584,,
2023-12-12,,110383.14676560913,,
2023-12-13,,,77548.57600860432,62708.57482500031
2023-12-15,,112626.23715564524,,
2023-12-19,,114939.51948985936,,
2023-12-23,,,,61094.49920042406
2023-12-24,,,77776.44550854448,
2023-12-25,,117150.39618570748,,
2024-01-01,,,,60052.47096632264
2024-01-03,,117432.85942000832,76587.2515557317,
2024-01-06,,,,58590.64743322428
2024-01-07,,115125.68073311404,,
2024-01-09,,,74899.59307179975,
2024-01-11,,112864.27940111845,,
2024-01-13,,110642.55177670172,,
2024-01-14,,,,57074.50143897947
2024-01-16,,108616.14086651945,72912.85586919636,
2024-01-18,,106196.04470420835,,
2024-01-22,,103747.87176422607,,
2024-01-23,,,70755.21654163781,55131.91395198947
2024-01-27,,100833.99053374107,,
2024-01-28,,103098.4436893966,,
2024-01-31,,98719.07673742132,69977.61187309196,
2024-02-03,,,,54362.85438969135
2024-02-09,,97601.09200333984,,
2024-02-11,,,71015.45386827402,
2024-02-13,,95984.6427381392,,
2024-02-14,,,,54818.5933895717
2024-02-20,,,72829.77844734315,
2024-02-23,,95350.8806914306,,
2024-02-25,,,,55388.26713942216
2024-03-03,,,73931.14769705402,
2024-03-05,,94496.37006665493,,
2024-03-07,,,,54513.41102358038
2024-03-14,,,72934.21863481574,
2024-03-16,,94382.43531668485,,
2024-03-17,,,,53152.29767125918
2024-03-25,,,71766.38744762231,
2024-03-26,,94382.43531668485,,51998.708327812026
2024-04-04,,,71396.09951021956,
2024-04-06,,94154.56581674468,,51144.19770303636
2024-04-15,,,71851.83851009989,
2024-04-17,,93926.6963168045,,50375.13814073827
2024-04-26,,,71994.2569475625,
2024-04-28,,93413.9899419391,,50232.71970327565
2024-05-07,,,71567.00163517467,
2024-05-09,,92587.96300465596,,
2024-05-10,,,,51229.648765513935
2024-05-18,,,70570.07257293639,
2024-05-19,,91562.55025492515,,52796.25157760264
2024-05-28,,,69046.19529208649,
2024-05-30,,90594.10488017942,,53280.47426497552
2024-06-02,,,67443.98787063212,
2024-06-10,,89882.01269286635,66269.03576156558,52397.47995270733
2024-06-14,,,64523.39262809529,
2024-06-18,,,,51030.26295306627
2024-06-21,,89340.82263050844,,
2024-06-22,,,62879.47694995545,
2024-06-28,,,,50232.71970327565
2024-07-02,,89255.37156803088,,
2024-07-04,,,61911.031575209694,
2024-07-09,,,,49178.82326605235
2024-07-13,,89511.72475546357,,
2024-07-14,,,61540.74363780691,
2024-07-20,,,,48324.31264127669
2024-07-23,,89967.46375534392,,
2024-07-25,,,61141.9720129116,
2024-07-31,,,,48295.82895378416
2024-08-03,,90594.10488017942,,
2024-08-05,,,60088.0755756883,
2024-08-10,,,,49264.27432852989
2024-08-14,,91277.71337999994,,
2024-08-16,,,58920.24438849487,
2024-08-21,,,,49833.948078380345
2024-08-25,,91363.16444247751,,
2024-08-27,,,58151.18482619678,
2024-09-01,,,,48675.61145368445
2024-09-05,,90508.65381770184,,
2024-09-06,,,58008.76638873416,
2024-09-09,,,,47042.54670411319
2024-09-14,,88934.93008374001,,
2024-09-17,,,58322.08695115193,
2024-09-18,,,,45084.9405455362
2024-09-24,,87717.25244343469,,
2024-09-27,,,,43893.06468708289
2024-09-28,,,58322.08695115193,
2024-10-01,,86027.22031887838,,
2024-10-04,,,,42570.60776778724
2024-10-09,,,58122.70113870426,
2024-10-10,,84641.0141942423,,
2024-10-14,,83444.69931955638,,42057.90139292184
2024-10-20,,,58663.891201062186,
2024-10-24,,83547.24059452946,,42462.36975531565
2024-10-27,,,59176.59757592759,
2024-11-21,,94724.23956659512,,
2024-11-23,,,78118.24975845477,55701.58770183989
2024-12-02,,95037.56012901288,,
2024-12-04,,,78460.05400836503,56157.326701720245
2024-12-13,,94439.4026916699,,
2024-12-15,,,77975.83132099215,55730.071389332414
2024-12-23,,93938.0897918015,,
2024-12-24,,,77591.30153984309,55502.20188939222
